training/grad/max,training/grad/min,training/grad/norm,training/high_actor/actor_loss,training/high_actor/adv,training/high_actor/bc_log_prob,training/high_actor/mse,training/high_actor/std,training/low_actor/actor_loss,training/low_actor/adv,training/low_actor/bc_log_prob,training/low_actor/mse,training/low_actor/std,training/value/v_max,training/value/v_mean,training/value/v_min,training/value/v_std_across_heads,training/value/value_loss,validation/high_actor/actor_loss,validation/high_actor/adv,validation/high_actor/bc_log_prob,validation/high_actor/mse,validation/high_actor/std,validation/low_actor/actor_loss,validation/low_actor/adv,validation/low_actor/bc_log_prob,validation/low_actor/mse,validation/low_actor/std,validation/value/v_max,validation/value/v_mean,validation/value/v_min,validation/value/v_std_across_heads,validation/value/value_loss,time/epoch_time,time/total_time,step
8.877725,-6.526634,217.27791,298.22827,1.1990125,-10.498398,0.2618024,1.0,114.43366,0.05544973,-7.8247004,0.11829799,1.0,0.2928405,-12.077434,-24.767845,0.31970873,1.7603071,350.2541,1.5793027,-10.564211,0.27496526,1.0,112.817505,0.022102516,-7.8606405,0.12728305,1.0,0.36492205,-11.201371,-24.747461,0.28630185,1.712786,0.21076013641357422,1053.8007106781006,5000
15.98283,-9.8721695,279.67798,446.09784,2.256926,-10.059141,0.17395113,1.0,134.75516,0.09247573,-7.733968,0.09561486,1.0,0.3953598,-18.788496,-42.491055,0.17936686,3.21156,478.7395,2.2394416,-10.165083,0.19513945,1.0,133.97725,-0.11693482,-7.7802725,0.107191056,1.0,0.456527,-18.514992,-42.396183,0.17951049,2.7374759,0.014573088693618775,1126.6661629676819,10000
29.525728,-26.070581,380.63593,485.86023,2.6354072,-10.02924,0.16797072,1.0,169.77423,0.17677769,-7.6970186,0.086377636,1.0,0.17715333,-24.615522,-55.739613,0.1740295,2.9251738,529.33905,3.1080432,-9.980226,0.15816797,1.0,178.86244,0.17196962,-7.731723,0.09505361,1.0,0.14503682,-24.51663,-55.74012,0.17047608,3.2479355,0.014676216793060302,1200.047256231308,15000
24.185165,-35.445225,542.99603,560.3971,3.2981257,-9.917523,0.14562775,1.0,151.46242,0.109072156,-7.697145,0.086409226,1.0,0.13525775,-28.023909,-66.17334,0.19945729,4.7893744,518.0397,2.8259642,-10.017033,0.16552942,1.0,153.13196,0.0731317,-7.731327,0.09495464,1.0,0.25135717,-26.500547,-66.08132,0.19119038,4.3760157,0.014690068531036377,1273.4976089000702,20000
28.72597,-32.148827,396.94922,532.2407,3.0902662,-9.926712,0.1474654,1.0,175.06952,0.25594404,-7.6634007,0.07797315,1.0,0.15220034,-27.094793,-74.00427,0.22010452,3.4734578,569.8967,3.3553672,-9.9947405,0.16107102,1.0,177.9732,0.21482734,-7.700523,0.08725372,1.0,0.23568356,-28.707264,-73.84686,0.22877553,3.1171677,0.014659530019760132,1346.7952680587769,25000
11.700294,-13.764589,319.41428,575.162,3.3862996,-9.92319,0.14676102,1.0,163.27454,0.19265401,-7.662925,0.07785423,1.0,0.22301403,-30.007935,-80.05016,0.28342912,3.3354921,597.99365,3.6377873,-10.025244,0.16717187,1.0,160.81711,0.06322907,-7.6949115,0.08585085,1.0,0.19702294,-31.220865,-79.67832,0.29462066,3.7943983,0.014672917222976685,1420.1598613262177,30000
14.54448,-15.235656,345.06906,553.0195,2.8466463,-9.927764,0.14767562,1.0,166.48083,0.17520289,-7.6516113,0.07502574,1.0,0.19688493,-30.222254,-85.045456,0.30587822,3.828136,582.0558,3.5361366,-9.850859,0.1322947,1.0,170.01474,0.32855555,-7.689449,0.08448525,1.0,0.19439554,-30.317448,-85.103714,0.3082463,3.7015145,0.01467871608734131,1493.5534524917603,35000
13.005455,-19.318089,351.34653,575.9636,3.2640562,-9.897171,0.14155713,1.0,157.61458,0.20994632,-7.6568623,0.07633856,1.0,0.3511392,-32.777584,-87.99093,0.36342695,3.476514,597.32117,3.562074,-9.98266,0.15865512,1.0,171.75742,0.38283294,-7.707534,0.089006454,1.0,0.1524675,-31.406488,-88.208206,0.36055985,4.285324,0.014688622522354125,1566.9965732097626,40000
16.86732,-13.462638,307.6656,566.4501,3.2788415,-9.9144,0.14500296,1.0,160.93027,0.1768075,-7.647631,0.07403078,1.0,0.21324328,-32.16296,-91.497505,0.36221528,3.1955142,579.2477,3.162422,-9.973953,0.15691368,1.0,161.0628,0.25744194,-7.7084994,0.08924781,1.0,0.12942657,-31.893509,-91.01665,0.3579523,4.960341,0.014642640542984009,1640.2097840309143,45000
19.03787,-12.6851845,378.43073,570.239,3.4798956,-10.004669,0.16305672,1.0,159.0213,0.18252958,-7.6613007,0.077448145,1.0,0.06454557,-33.3072,-93.75947,0.36489958,3.501289,599.2062,3.2254333,-10.1374,0.18960273,1.0,189.90085,0.18391562,-7.71012,0.089653045,1.0,0.1062102,-31.842554,-94.14321,0.3843019,5.2725644,0.014673059034347534,1713.575087070465,50000
21.457304,-29.88512,356.05188,585.4951,3.549364,-9.810735,0.1242699,1.0,148.5133,0.19240412,-7.6319733,0.07011616,1.0,0.13014269,-34.083675,-95.820305,0.41904163,3.4540565,600.89703,3.2769692,-9.995887,0.16130033,1.0,168.37756,0.20474645,-7.680191,0.082170695,1.0,0.13819754,-33.004116,-96.220276,0.4063088,4.570199,0.014687416696548461,1787.0121901035309,55000
32.69993,-30.527678,429.20032,587.175,3.5733485,-9.8065195,0.123426914,1.0,156.73782,0.23131806,-7.628769,0.06931521,1.0,0.27321726,-31.760254,-96.84632,0.40288767,4.8045125,621.54425,3.9031947,-9.826395,0.12740201,1.0,169.49353,0.321068,-7.6990156,0.08687695,1.0,0.19448629,-33.44657,-96.72066,0.42308855,3.8716676,0.014668075656890869,1860.3525779247284,60000
14.256024,-20.182817,363.1399,564.48645,3.2911642,-9.858695,0.1338621,1.0,169.0916,0.23124059,-7.628625,0.06927918,1.0,0.07434472,-34.183548,-98.30197,0.41728187,4.7336493,580.62,2.863799,-10.072214,0.17656587,1.0,170.12746,0.36990103,-7.7168684,0.09134001,1.0,0.0859846,-34.072906,-98.64568,0.40716162,3.5713043,0.014659770774841308,1933.6514389514923,65000
14.97111,-23.090958,347.43787,578.6127,3.547171,-9.870882,0.1362996,1.0,149.35591,0.20029037,-7.6350946,0.0708966,1.0,0.21217719,-35.038128,-99.987,0.42873928,4.355193,605.4828,3.647847,-9.872834,0.13668977,1.0,173.3888,0.22318786,-7.6991205,0.08690311,1.0,0.25417235,-33.856037,-99.598366,0.42396477,4.3625045,0.014668963146209716,2006.996262550354,70000
15.502209,-14.353434,330.9045,567.59534,3.581718,-9.8169,0.12550305,1.0,146.45412,0.3242419,-7.646517,0.07375219,1.0,0.22817571,-34.655586,-99.338455,0.43661052,3.0575376,585.37244,3.632586,-9.92405,0.14693303,1.0,165.86975,0.27579618,-7.70096,0.08736304,1.0,0.24576117,-33.295296,-100.55763,0.426575,4.155802,0.014681838941574097,2080.405465364456,75000
12.489206,-10.67695,283.80792,575.942,3.532371,-9.843376,0.13079803,1.0,148.8377,0.21306829,-7.6189504,0.06686048,1.0,0.32302895,-35.596424,-100.38427,0.43440676,3.6112921,595.7512,3.6038709,-9.92124,0.14637092,1.0,147.45076,0.31150872,-7.6840134,0.083126366,1.0,0.16639791,-32.303368,-100.81907,0.44700807,3.590012,0.014646150922775268,2153.6362285614014,80000
19.99165,-20.331362,340.18362,586.6991,3.6817665,-9.856913,0.13350543,1.0,155.92818,0.298023,-7.621498,0.06749759,1.0,0.20641707,-34.542347,-100.78726,0.41752273,5.021937,587.11475,3.2663102,-10.062391,0.17460118,1.0,154.28825,0.33489668,-7.6859603,0.08361308,1.0,0.20156121,-34.659634,-100.2962,0.4502957,4.6972923,0.014665089416503907,2226.961686372757,85000
11.128895,-13.720789,296.53204,574.7798,3.570598,-9.749638,0.11205063,1.0,144.82678,0.34395003,-7.628255,0.06918664,1.0,0.3045941,-35.0675,-102.84688,0.44227904,4.5800858,608.6089,3.6905646,-9.904803,0.14308368,1.0,160.67427,0.3314031,-7.7018633,0.08758879,1.0,0.28734457,-34.95045,-102.27211,0.44621772,5.2875795,0.014687300634384155,2300.398199558258,90000
10.640515,-9.932758,341.1659,598.8722,3.46345,-9.791733,0.12046943,1.0,169.87042,0.32829535,-7.629472,0.069490924,1.0,0.41746828,-36.396885,-101.27679,0.45101845,3.9568903,619.6196,4.0342064,-9.872302,0.13658345,1.0,167.13255,0.2188988,-7.692029,0.08513028,1.0,0.28240305,-34.677162,-102.01849,0.43597782,5.261278,0.013573889064788819,2368.267657995224,95000
22.614416,-16.2628,304.8633,602.47046,3.7694838,-9.807288,0.1235806,1.0,134.34929,0.1812317,-7.6210594,0.06738782,1.0,0.30363473,-34.716988,-102.38247,0.4220798,4.089777,624.17163,4.189501,-9.835413,0.12920561,1.0,167.90552,0.31895941,-7.702071,0.0876408,1.0,0.32321897,-34.529648,-102.23986,0.46869427,4.946698,0.009920678234100342,2417.871061563492,100000
19.975845,-28.70571,389.26758,593.16516,3.5754113,-9.846227,0.13136835,1.0,145.70906,0.2017529,-7.6250916,0.06839575,1.0,0.14738227,-36.61729,-101.59862,0.4472754,3.4266095,600.95667,3.323995,-9.885952,0.13931353,1.0,162.69272,0.28549683,-7.699834,0.08708151,1.0,0.21049815,-35.396187,-101.631516,0.46031356,3.8305936,0.12681067113876343,3051.9244260787964,105000
30.85028,-24.467194,454.5016,579.5547,3.4148793,-9.797089,0.12154072,1.0,169.7837,0.34369117,-7.627399,0.06897275,1.0,0.18013139,-36.882416,-103.63134,0.4384057,4.9330134,613.7976,3.5747864,-9.864428,0.13500844,1.0,165.7319,0.28395176,-7.693221,0.085428186,1.0,0.2053777,-34.35698,-102.740616,0.4486851,5.3869658,0.003997995901107788,3071.9144151210785,110000
15.070526,-20.61507,348.69846,600.2059,3.3833566,-9.789245,0.119971946,1.0,152.57068,0.3158425,-7.608546,0.06425938,1.0,0.25739467,-34.371384,-102.42168,0.43354487,2.9695718,611.48047,3.72221,-9.843191,0.13076112,1.0,157.53577,0.2766673,-7.6894608,0.084488064,1.0,0.4923371,-34.566032,-102.299515,0.43598706,3.6103716,0.004009945011138916,3091.964148759842,115000
17.919693,-9.409443,350.60632,583.94714,3.6266222,-9.764013,0.1149256,1.0,179.16257,0.30802372,-7.612375,0.065216616,1.0,0.18154815,-35.779766,-102.49338,0.4553372,4.802683,640.3785,3.989542,-9.81185,0.124493025,1.0,173.92723,0.33769304,-7.689657,0.08453724,1.0,0.25364375,-34.875008,-102.00053,0.44465828,5.224353,0.0076489661693573,3130.20898938179,120000
15.98885,-14.218735,344.07602,595.29126,3.8878922,-9.831826,0.12848814,1.0,153.06204,0.28833395,-7.6216354,0.0675318,1.0,0.26198828,-34.302437,-102.7556,0.44350833,4.4209538,605.6239,3.5939324,-9.929235,0.14797002,1.0,172.12233,0.34300208,-7.700656,0.08728695,1.0,0.2853068,-35.76132,-102.16141,0.42233843,5.771095,0.014699689435958863,3203.707444190979,125000
16.986818,-25.59753,316.47403,618.00116,4.019105,-9.684696,0.09906233,1.0,142.47868,0.26136595,-7.6112423,0.0649336,1.0,0.26296347,-35.143356,-100.85255,0.44306388,2.7777786,617.6276,3.8467107,-9.869703,0.13606362,1.0,161.17197,0.30567777,-7.7060766,0.08864206,1.0,0.15509349,-33.24469,-103.48906,0.40654236,3.4137416,0.014702461671829224,3277.2197620868683,130000
16.283089,-12.678694,309.06625,569.83655,3.392196,-9.825738,0.12727058,1.0,153.82756,0.2985931,-7.60623,0.06368046,1.0,0.0043012947,-35.569767,-101.22364,0.43744642,3.571931,626.88416,4.1947727,-9.908081,0.14373915,1.0,162.36697,0.27813762,-7.6745796,0.080767825,1.0,-0.030893542,-35.010826,-102.49148,0.45303446,4.5353518,0.01465721263885498,3350.5058329105377,135000
8.518786,-8.899282,293.04236,604.39,4.208501,-9.770014,0.11612582,1.0,143.599,0.25675344,-7.623392,0.06797108,1.0,0.2099914,-34.695747,-102.77255,0.41531986,6.066435,606.3006,3.9077425,-9.894995,0.14112177,1.0,155.29587,0.24318999,-7.7084885,0.08924505,1.0,0.2166538,-36.635647,-101.69132,0.4727687,4.634225,0.01469922366142273,3424.001968860626,140000
10.588284,-18.93336,275.37332,572.7117,3.382082,-9.824194,0.12696175,1.0,146.55716,0.30810514,-7.6160965,0.06614704,1.0,0.18274218,-36.752285,-103.3821,0.46407482,3.7262268,627.6356,4.0100136,-9.9166565,0.14545411,1.0,155.73846,0.2760002,-7.6956263,0.08602952,1.0,0.24920876,-34.1538,-103.56653,0.4732162,3.9999037,0.014703656291961669,3497.5202593803406,145000
19.55952,-19.836166,362.85025,595.88873,3.665172,-9.779655,0.118054174,1.0,174.0331,0.2702927,-7.6071005,0.063898146,1.0,0.25246105,-34.777588,-102.90834,0.4323135,5.0435934,630.85504,3.8286252,-9.826357,0.12739433,1.0,179.8731,0.40262738,-7.6897993,0.08457283,1.0,0.16609342,-34.131836,-103.3421,0.44495875,3.9797173,0.014684079456329345,3570.9406640529633,150000
18.848286,-24.290981,408.86423,599.1115,3.606204,-9.7381,0.10974302,1.0,157.17249,0.32035255,-7.608927,0.0643547,1.0,0.52412415,-34.967506,-103.01411,0.43084842,4.173582,602.8873,3.7793322,-9.90226,0.14257507,1.0,171.10164,0.2539854,-7.705552,0.088511035,1.0,0.31326842,-34.735435,-101.531586,0.46798664,4.149205,0.014677565813064576,3644.3285007476807,155000
31.869251,-24.992916,419.85062,577.9125,3.369059,-9.822073,0.12653732,1.0,174.13806,0.30569822,-7.6076117,0.06402579,1.0,0.10132781,-34.355328,-104.71385,0.40943053,4.0452805,610.91675,3.5612817,-9.925055,0.14713399,1.0,175.21153,0.39408153,-7.724883,0.09334362,1.0,0.1758634,-36.834534,-103.01518,0.47435498,6.3682637,0.014700833082199096,3717.8326733112335,160000
10.113755,-11.280495,298.37866,619.2875,4.0891867,-9.758438,0.11381071,1.0,175.547,0.3210621,-7.607752,0.06406099,1.0,0.14605525,-35.348434,-104.12702,0.42209533,4.002967,614.0709,3.5692651,-9.898096,0.14174207,1.0,179.30945,0.33536223,-7.715558,0.09101238,1.0,0.111067556,-36.379623,-103.33193,0.4574064,5.619882,0.014707349872589112,3791.369429588318,165000
36.350163,-40.549847,491.80353,590.645,3.8228831,-9.765518,0.11522666,1.0,163.9332,0.36720657,-7.5907936,0.059821412,1.0,0.109427996,-35.07676,-102.64899,0.42983943,3.908507,617.8218,3.8729393,-9.866,0.13532296,1.0,174.8115,0.3967825,-7.692623,0.085278764,1.0,0.33947647,-34.29895,-103.71958,0.45628387,5.5238943,0.01465016303062439,3864.6202540397644,170000
10.606624,-22.640846,356.89908,588.68854,3.9046,-9.82527,0.12717688,1.0,152.54306,0.23243679,-7.6195354,0.067006886,1.0,0.32830375,-36.103603,-103.38487,0.44468963,4.362012,603.14087,3.5380404,-10.052858,0.17269482,1.0,166.51633,0.24230729,-7.701906,0.0875995,1.0,0.43049416,-35.185055,-101.0925,0.4466674,8.963614,0.014670441436767578,3937.972469329834,175000
32.497078,-20.43348,404.70953,589.47217,3.6533704,-9.778263,0.11777566,1.0,157.36967,0.25615254,-7.617277,0.06644218,1.0,0.11964791,-37.28584,-104.85636,0.43581787,5.514186,596.479,3.411603,-9.920016,0.14612609,1.0,164.9344,0.31573343,-7.703846,0.08808442,1.0,0.23656908,-34.679043,-102.746216,0.42844403,4.681835,0.014682099151611328,4011.382972717285,180000
19.326694,-12.755076,282.55307,593.9613,3.4727733,-9.79406,0.12093496,1.0,164.80272,0.29311442,-7.613929,0.06560524,1.0,0.10092224,-36.45464,-102.00803,0.41173825,3.5412426,614.32715,3.77947,-9.872604,0.13664399,1.0,165.23517,0.31545508,-7.7211876,0.09241988,1.0,0.13565344,-34.26315,-101.12812,0.4330805,3.9204917,0.014672768878936768,4084.7468242645264,185000
16.961172,-19.728376,399.03326,616.25073,4.118166,-9.813923,0.12490747,1.0,156.7652,0.34813872,-7.6180334,0.066631265,1.0,0.26595348,-36.260204,-102.570946,0.45091364,5.004855,606.58044,3.6371894,-9.914797,0.14508227,1.0,163.37709,0.28190905,-7.7142606,0.090688094,1.0,0.21140425,-35.18606,-103.06029,0.4447122,3.4863915,0.014642753839492798,4157.960601806641,190000
13.293327,-15.927616,304.0508,595.3194,3.926391,-9.790483,0.120219804,1.0,164.89157,0.30165678,-7.607574,0.06401655,1.0,0.0046785995,-35.41769,-103.11676,0.4276256,3.2960854,619.6134,3.7575288,-9.87361,0.13684495,1.0,172.7026,0.2903371,-7.7119846,0.09011922,1.0,0.3089495,-34.591682,-101.984375,0.4273464,4.106866,0.014680170488357545,4231.361461639404,195000
10.625778,-13.654568,284.6303,600.0246,3.8018398,-9.746141,0.111351244,1.0,167.86009,0.3457931,-7.6126566,0.06528701,1.0,0.30667865,-34.912174,-104.09482,0.40255094,3.3024144,607.1737,3.730537,-9.857353,0.13359368,1.0,169.03812,0.27505636,-7.6807613,0.082313366,1.0,0.2456038,-34.981335,-102.705925,0.42470986,2.9218836,0.01469324893951416,4304.827714920044,200000
41.404873,-44.500595,457.13724,594.86444,4.0364523,-9.800703,0.12226357,1.0,177.95886,0.44217655,-7.586415,0.058726687,1.0,0.21777794,-37.148457,-103.12139,0.43181288,3.6945152,610.1479,3.8242679,-9.8402815,0.13017933,1.0,171.95677,0.32733762,-7.707895,0.089096665,1.0,0.2964665,-35.734547,-102.27382,0.4465325,3.7262824,0.14302780232429504,5019.9667336940765,205000
19.818796,-24.829967,397.75644,624.21216,3.949995,-9.718337,0.10579038,1.0,136.57544,0.23534247,-7.6089773,0.06436724,1.0,0.10191019,-35.88458,-102.692184,0.43744105,4.05933,628.43286,4.050911,-9.7826805,0.118659,1.0,130.82181,0.28361636,-7.687954,0.08411152,1.0,0.17551945,-37.090584,-101.05302,0.4800132,4.392974,0.004039113521575928,5040.162310123444,210000
15.300617,-23.246958,348.5339,600.8317,4.0899,-9.759092,0.11394157,1.0,146.26088,0.2987973,-7.6097445,0.064559154,1.0,0.16171157,-36.27598,-102.642746,0.41341949,3.3938928,612.838,3.8043349,-9.851679,0.13245879,1.0,164.78128,0.257187,-7.71651,0.09125041,1.0,0.3350801,-37.593212,-101.24767,0.45420977,8.061481,0.004040339279174804,5060.364014625549,215000
26.361294,-32.419456,451.37897,602.69226,3.8651,-9.834167,0.12895623,1.0,156.6253,0.32512048,-7.621439,0.06748276,1.0,0.34874997,-35.409588,-103.411705,0.44807184,4.0956306,612.781,3.7596622,-9.950441,0.15221113,1.0,170.2442,0.29366004,-7.6970315,0.0863808,1.0,0.23135146,-34.86619,-101.21933,0.44592828,4.1965237,0.004077246236801148,5080.7502608299255,220000
15.3168955,-12.91226,295.4937,601.79553,3.7647798,-9.786848,0.11949251,1.0,153.66289,0.3036176,-7.6134796,0.06549296,1.0,0.089533225,-36.20055,-103.77027,0.42771298,3.9478102,610.1482,3.5954566,-9.873604,0.1368437,1.0,165.37192,0.32484043,-7.693629,0.08553007,1.0,-0.0118009895,-33.50315,-103.03107,0.45389318,4.6279387,0.004018421268463135,5100.842376470566,225000
53.745575,-90.61489,803.04114,595.8188,3.8286064,-9.764755,0.115073994,1.0,167.46594,0.30395016,-7.596055,0.06113673,1.0,0.27057803,-36.194847,-103.81522,0.42915335,5.095642,624.8323,3.843808,-9.838735,0.12986985,1.0,186.0404,0.44410133,-7.698562,0.086763516,1.0,0.44042665,-35.35197,-101.890915,0.44427145,4.15281,0.004266328048706055,5122.174025058746,230000
9.748162,-15.420322,311.53244,605.09924,3.8877127,-9.771376,0.11639803,1.0,167.31036,0.31987038,-7.6035333,0.06300626,1.0,0.22712436,-35.475567,-104.43902,0.45098427,4.223257,642.56384,4.4306664,-9.789993,0.12012162,1.0,174.3302,0.42985404,-7.691072,0.08489094,1.0,0.2641514,-34.38653,-101.74648,0.42898172,3.7204275,0.004078532600402832,5142.566696882248,235000
23.207716,-15.621504,342.4065,622.77026,4.21113,-9.7629175,0.1147064,1.0,162.71162,0.3277562,-7.6375685,0.07151517,1.0,0.2532024,-35.8013,-101.72868,0.42837036,4.159728,612.85547,3.595293,-9.876978,0.13751861,1.0,187.1547,0.48617208,-7.691832,0.08508098,1.0,0.22686623,-36.810146,-103.737625,0.4605875,3.2720838,0.004044399881362915,5162.788706541061,240000
29.874142,-43.196903,576.1791,566.53577,3.3711474,-9.876347,0.13739237,1.0,168.58798,0.28219652,-7.601362,0.06246361,1.0,0.15117022,-35.02769,-102.51226,0.41037828,3.8990018,621.1963,3.8572578,-9.932739,0.14867091,1.0,192.11537,0.4332943,-7.7363205,0.096203126,1.0,0.113304004,-34.708763,-102.85489,0.4474485,5.593748,0.0040704776287078855,5183.1411049366,245000
52.121597,-50.19104,379.95416,613.66376,3.978255,-9.759766,0.11407621,1.0,148.44211,0.30924344,-7.6100597,0.064637914,1.0,0.3296082,-36.03378,-103.68294,0.43329716,3.6156282,633.8061,3.7584672,-9.8452,0.13116282,1.0,159.35419,0.31899256,-7.7094326,0.089481115,1.0,0.5173081,-35.197235,-100.79642,0.4812752,5.05688,0.013565802335739136,5250.970125198364,250000
21.001394,-10.466358,294.8412,598.2587,3.8951275,-9.731127,0.10834833,1.0,152.85233,0.3435827,-7.597756,0.061561882,1.0,0.35580316,-35.475006,-101.76081,0.4275061,3.3513522,607.80896,3.600182,-9.821593,0.12644167,1.0,155.22885,0.35339725,-7.6995754,0.08701688,1.0,0.23546487,-36.177948,-100.618965,0.43898407,3.9550986,0.014689320898056031,5324.416738510132,255000
27.261318,-24.720797,465.36664,607.43384,3.9188142,-9.724369,0.10699673,1.0,156.52118,0.3652941,-7.6122417,0.06518342,1.0,0.32802635,-34.84812,-103.959946,0.42860913,4.0629973,620.8384,3.5073218,-9.90625,0.14337294,1.0,172.13632,0.3520681,-7.699448,0.08698501,1.0,0.27945483,-34.34457,-103.00914,0.46191496,5.177394,0.014719351148605347,5398.0135180950165,260000
15.339073,-19.690634,293.29816,599.2619,3.8271725,-9.711,0.104322985,1.0,171.69453,0.36655575,-7.592246,0.060184445,1.0,0.2875248,-36.45872,-102.83894,0.44745636,3.8237815,625.4607,3.733046,-9.870428,0.13620855,1.0,178.58551,0.29648203,-7.6866293,0.08378035,1.0,0.27334246,-36.123837,-102.77862,0.45583463,3.684038,0.014686703157424926,5471.447048664093,265000
12.685831,-43.119965,321.84378,621.1581,3.732957,-9.708874,0.103897706,1.0,164.38647,0.32351136,-7.6079254,0.06410435,1.0,0.21527281,-36.74911,-102.156746,0.4532206,2.9825811,628.733,4.0875797,-9.83957,0.1300369,1.0,164.54155,0.2764441,-7.69627,0.08619041,1.0,0.272235,-33.30363,-101.97048,0.43500888,4.45318,0.014665963459014893,5544.776874780655,270000
11.115896,-20.427464,333.7387,603.35144,3.4002857,-9.780736,0.11827006,1.0,146.69168,0.32725,-7.6246543,0.068286516,1.0,0.28690308,-36.0396,-102.51672,0.4273262,4.6401725,635.839,4.195463,-9.869127,0.1359482,1.0,142.1482,0.23616278,-7.729375,0.09446679,1.0,0.3531547,-35.75408,-100.22916,0.4493189,4.063331,0.014687577772140503,5618.214773893356,275000
14.515989,-20.637192,309.47675,586.3273,3.7819552,-9.702578,0.10263832,1.0,152.58902,0.32726043,-7.6084538,0.06423629,1.0,0.4928668,-35.81856,-103.2915,0.42394817,3.4958577,630.2866,3.8594418,-9.758762,0.11387563,1.0,158.40672,0.38996023,-7.728631,0.09428075,1.0,0.54491353,-35.96423,-102.66126,0.45029673,4.5737944,0.01469001965522766,5691.664882659912,280000
24.794323,-13.130405,286.44897,602.7976,3.9012096,-9.752103,0.112543456,1.0,159.41988,0.35166055,-7.6047306,0.06330554,1.0,0.54722214,-36.098057,-102.38527,0.4528606,2.8769774,619.6884,3.8565965,-9.833584,0.12883972,1.0,166.17548,0.39502233,-7.7069254,0.08885434,1.0,0.23749824,-37.25547,-102.33985,0.48060194,4.1029844,0.014662273740768433,5764.976261854172,285000
22.850689,-24.92498,444.0216,628.16156,4.0606585,-9.702372,0.10259724,1.0,157.95667,0.32376564,-7.610279,0.064692736,1.0,0.22500467,-34.853897,-101.65209,0.44246346,6.58235,598.40326,3.720137,-9.857406,0.13360415,1.0,165.7528,0.33035415,-7.710087,0.08964469,1.0,0.15173784,-35.32068,-101.91437,0.4805627,5.3889503,0.014665278148651123,5838.302664518356,290000
15.03065,-12.475526,290.46924,590.96967,3.7484703,-9.722006,0.10652407,1.0,165.8801,0.3290581,-7.6025996,0.06277284,1.0,0.38979626,-33.976112,-102.06739,0.3855235,4.1709514,623.4776,4.1833453,-9.837299,0.12958293,1.0,174.7887,0.35655275,-7.6964235,0.086228795,1.0,0.27571023,-33.86775,-102.035614,0.43619734,4.6140637,0.014688077545166016,5911.743066072464,295000
22.12979,-19.771568,331.28946,590.02405,3.7476223,-9.725164,0.10715597,1.0,158.58525,0.32884693,-7.5920544,0.060136527,1.0,0.18574116,-35.093407,-103.16259,0.4136651,3.09798,625.4684,3.8102999,-9.833063,0.12873554,1.0,158.35515,0.31870517,-7.7266684,0.093790084,1.0,0.17439921,-35.885864,-101.80956,0.46159762,3.8139749,0.014699291372299195,5985.239530324936,300000
25.46584,-20.03251,365.44443,610.6565,3.713407,-9.773296,0.116782084,1.0,175.0137,0.34280974,-7.611765,0.0650642,1.0,0.11594599,-33.92748,-102.80936,0.42575163,4.3041897,625.78973,3.9910822,-9.820378,0.12619857,1.0,188.60635,0.37028736,-7.717917,0.091602206,1.0,0.15012568,-36.459778,-100.33833,0.45053294,4.107854,0.14548459920883178,6712.662536859512,305000
16.809088,-11.927188,317.829,608.93115,3.7685437,-9.678457,0.097814284,1.0,155.77103,0.4006505,-7.6155996,0.06602296,1.0,0.2285963,-37.249477,-102.30952,0.44817233,2.8261309,608.9249,3.66461,-9.802933,0.12270947,1.0,153.10452,0.33666223,-7.7174764,0.09149208,1.0,0.16310379,-35.334217,-102.75156,0.45466474,3.545499,0.004028876066207885,6732.806929349899,310000
44.56479,-60.93022,421.30377,599.9524,3.5454345,-9.717844,0.10569187,1.0,157.3141,0.3302381,-7.597967,0.061614703,1.0,0.16056441,-36.15669,-102.131134,0.46405295,3.268046,618.28174,3.5196831,-9.836315,0.12938611,1.0,151.37854,0.23124498,-7.6946597,0.08578786,1.0,0.31810927,-36.09211,-103.02811,0.47558227,4.6019335,0.004019449615478516,6752.904185056686,315000
9.524013,-17.318922,254.19846,568.12,3.3178816,-9.675453,0.09721352,1.0,155.45999,0.372666,-7.597167,0.06141477,1.0,0.07870181,-34.77249,-106.47592,0.42801607,2.9024067,618.6975,3.945035,-9.899181,0.1419593,1.0,174.44635,0.34367722,-7.71869,0.0917954,1.0,-0.0111338645,-37.701355,-101.65378,0.47045326,4.7111154,0.004012057638168335,6772.964483499527,320000
14.086212,-24.431606,298.18085,598.0355,4.075082,-9.752432,0.11260934,1.0,154.9209,0.337658,-7.600337,0.06220714,1.0,0.20008582,-35.66376,-103.25817,0.4411121,3.2939794,644.1062,4.0242825,-9.885705,0.13926396,1.0,166.29657,0.3490779,-7.738986,0.09686953,1.0,0.42825052,-36.684826,-101.929214,0.46561033,5.586504,0.004105084800720215,6793.489916563034,325000
8.539388,-12.145717,265.9701,594.5127,3.7858863,-9.712322,0.10458746,1.0,166.40262,0.36914116,-7.591318,0.05995256,1.0,0.27788216,-34.800232,-102.57643,0.43384743,4.1089773,618.7191,3.532825,-9.842668,0.13065651,1.0,174.65538,0.42247203,-7.713863,0.09058866,1.0,0.24326807,-34.999462,-101.58171,0.46996245,11.235683,0.004041429281234741,6813.697072029114,330000
15.346486,-12.266636,300.2733,612.9088,3.8845181,-9.73328,0.10877917,1.0,148.06216,0.35825253,-7.5912075,0.059924904,1.0,0.20724875,-34.910076,-102.11662,0.41839862,8.032643,640.6222,3.6973617,-9.888466,0.13981633,1.0,159.94934,0.3158322,-7.7272816,0.093943365,1.0,0.20390797,-35.064358,-101.57231,0.45478693,3.6876128,0.004103436470031739,6834.214262723923,335000
16.7773,-28.489876,391.3294,580.275,3.2112908,-9.749516,0.11202605,1.0,158.05476,0.32807383,-7.6012244,0.062429085,1.0,0.2389115,-34.075214,-106.72466,0.39061308,3.6847882,596.4516,4.0445232,-9.832616,0.1286461,1.0,165.04373,0.3467167,-7.7104597,0.0897378,1.0,0.38908476,-36.46932,-102.43664,0.4628691,6.1312923,0.004070551872253418,6854.567031621933,340000
22.207413,-25.701117,392.5287,605.52686,3.835342,-9.729404,0.10800383,1.0,153.0708,0.36940473,-7.592058,0.060137574,1.0,0.053468607,-36.03715,-103.15895,0.46228474,4.3539343,623.23804,3.941485,-9.901663,0.14245532,1.0,163.27805,0.31901947,-7.6862698,0.08369042,1.0,0.15490825,-35.249283,-101.57839,0.44501498,4.2700605,0.004045201826095581,6874.793049573898,345000
30.339115,-30.333055,392.82642,597.1,3.4592743,-9.688419,0.09980682,1.0,156.67285,0.35825267,-7.5916753,0.06004174,1.0,0.2871765,-36.13459,-103.0114,0.44168133,4.4812527,645.08093,3.9443693,-9.804673,0.12305751,1.0,144.16187,0.25458577,-7.722065,0.092639185,1.0,0.4161081,-35.54306,-101.43005,0.46807837,5.1662526,0.0041772229671478275,6895.679172515869,350000
16.54027,-11.884795,306.89337,598.0128,3.8764286,-9.729467,0.108016305,1.0,158.26237,0.3287307,-7.583111,0.057900514,1.0,0.10354979,-34.9924,-103.24845,0.43092117,3.7743568,578.3205,3.1309109,-9.884729,0.13906878,1.0,159.07599,0.20294058,-7.722702,0.09279848,1.0,0.812655,-35.029842,-102.20785,0.48616117,3.8138375,0.004156227684020996,6916.46031999588,355000
12.933367,-10.290626,279.84933,595.74,3.6130118,-9.760934,0.114309885,1.0,159.56271,0.2537313,-7.592203,0.0601737,1.0,0.11072936,-35.237827,-102.07964,0.4246142,4.421234,640.689,4.071216,-9.816527,0.12542851,1.0,172.7137,0.35427478,-7.7117767,0.09006719,1.0,0.17973083,-35.573437,-102.40121,0.42853704,3.6693206,0.004100752353668213,6936.9640917778015,360000
9.327721,-13.346577,300.1993,580.8968,3.5817003,-9.729188,0.107960634,1.0,157.60333,0.3239172,-7.614304,0.065699026,1.0,0.23798679,-36.982735,-109.21724,0.45039636,3.9005716,592.6582,3.4651875,-9.83252,0.12862678,1.0,164.8038,0.28656447,-7.7053375,0.08845732,1.0,0.21341732,-35.406975,-102.54109,0.47375697,4.50702,0.004128942346572876,6957.608810901642,365000
11.730789,-11.060946,266.3345,581.1382,3.1437767,-9.728118,0.10774654,1.0,163.09792,0.34913254,-7.59869,0.061795555,1.0,0.18060878,-34.612194,-103.04841,0.4300329,3.6624725,612.05774,3.8107462,-9.839888,0.13010065,1.0,177.92122,0.40643388,-7.701522,0.08750345,1.0,0.26235127,-36.95671,-100.16749,0.50700456,4.3561816,0.004081490659713745,6978.016273736954,370000
18.29969,-21.886864,384.25558,605.21405,4.1993246,-9.697456,0.10161424,1.0,163.19891,0.4466818,-7.590892,0.0598459,1.0,0.36666176,-36.674835,-102.32931,0.44745642,4.4293385,602.70856,3.4977589,-9.781942,0.11851156,1.0,164.87495,0.34482348,-7.695568,0.08601491,1.0,0.24436677,-34.896572,-101.41022,0.45368385,5.9461985,0.004036395883560181,6998.198260784149,375000
32.273888,-16.457737,333.94257,602.73596,3.5902762,-9.726799,0.107482806,1.0,171.73111,0.3849181,-7.574582,0.055768408,1.0,0.042864867,-36.48248,-102.56583,0.42608735,3.3731484,641.2235,4.191914,-9.826242,0.1273713,1.0,178.72092,0.29235163,-7.7141333,0.09065619,1.0,0.033026062,-38.056538,-103.36242,0.47238618,4.6003313,0.004133001804351806,7018.863278865814,380000
21.394617,-38.060925,375.4172,611.01575,4.0676823,-9.661943,0.09451174,1.0,146.35793,0.38145578,-7.5905237,0.059753887,1.0,0.26034147,-36.762947,-104.11065,0.44931087,4.547328,616.5089,3.9054654,-9.8281555,0.12775402,1.0,160.16963,0.31959993,-7.7074203,0.08897805,1.0,0.2850361,-36.99009,-102.14624,0.49185443,4.2161283,0.004158090829849243,7039.653742313385,385000
20.964743,-19.916142,313.0649,587.1332,3.4275265,-9.805878,0.12329846,1.0,160.6314,0.3109791,-7.6132717,0.06544085,1.0,0.1671121,-36.697895,-102.32331,0.44445044,3.7479548,608.3462,3.619303,-9.813319,0.124786906,1.0,183.18698,0.47215328,-7.7122145,0.09017657,1.0,0.4281151,-37.68395,-102.69216,0.49307466,4.1700134,0.004212124300003052,7060.714373111725,390000
35.77315,-22.432957,423.6115,600.4324,3.8396974,-9.671873,0.09649771,1.0,171.69305,0.42001712,-7.590863,0.05983882,1.0,0.1438273,-37.68567,-102.633644,0.46089628,4.900884,608.12244,3.9209263,-9.790877,0.12029846,1.0,191.48105,0.37109488,-7.7303743,0.09471649,1.0,0.12019804,-34.587246,-101.08623,0.44581363,4.6906924,0.0041074134349823,7081.251448392868,395000
10.892785,-14.026005,332.14764,610.9258,3.608379,-9.690712,0.100265376,1.0,167.25337,0.33353364,-7.593125,0.0604042,1.0,0.18894239,-35.658096,-102.69799,0.44078302,6.1159606,624.86,3.8588185,-9.78414,0.118950844,1.0,183.0024,0.4452097,-7.710107,0.08964971,1.0,0.3226411,-36.287785,-102.08546,0.45380354,3.3501048,0.008171688079833985,7122.109898805618,400000
15.51531,-16.706263,323.97162,592.9433,3.6130304,-9.721552,0.10643351,1.0,161.56937,0.48068088,-7.574437,0.055732306,1.0,0.25593793,-36.112476,-102.779724,0.4538147,3.6044514,618.2891,4.073594,-9.809376,0.12399825,1.0,158.70378,0.3706563,-7.6983857,0.086719364,1.0,0.2754793,-35.81305,-99.889404,0.44014072,4.9399943,0.15377744088172912,7890.997134208679,405000
11.99419,-12.684135,262.9384,578.5818,3.4486084,-9.731136,0.10835018,1.0,150.35562,0.36070397,-7.593624,0.060528968,1.0,0.26794112,-35.152924,-103.05515,0.44871414,3.965209,615.5253,4.079795,-9.838344,0.12979175,1.0,173.4081,0.33287326,-7.6991944,0.08692156,1.0,0.1392116,-35.401737,-100.98957,0.46225032,5.2512026,0.014690428400039673,7964.449284315109,410000
14.897841,-15.821057,265.77777,587.73486,3.656517,-9.708186,0.103760175,1.0,153.00601,0.27953815,-7.626442,0.06873348,1.0,0.17734218,-35.275925,-103.1123,0.4472074,3.973011,615.4548,3.7094586,-9.79439,0.121001124,1.0,168.12923,0.40984416,-7.6964207,0.08622818,1.0,0.086224556,-34.12626,-99.73038,0.43133032,4.4790125,0.014707061910629272,8037.98460483551,415000
19.518131,-18.095345,323.20993,604.2849,4.094928,-9.720667,0.10625633,1.0,142.5615,0.36034024,-7.5876074,0.05902482,1.0,0.36004585,-37.050274,-104.95943,0.45601153,3.367286,617.59076,3.691122,-9.808458,0.12381456,1.0,146.99805,0.35845792,-7.710435,0.089731574,1.0,0.19108143,-35.02246,-102.432236,0.46300423,3.786295,0.01472312593460083,8111.600243806839,420000
17.209751,-19.920948,288.12576,606.98364,3.9132562,-9.672317,0.09658625,1.0,143.42172,0.2372186,-7.588393,0.059221298,1.0,0.30577996,-34.56663,-102.377556,0.4303434,2.6833706,603.54175,3.886813,-9.783899,0.11890282,1.0,162.16473,0.34287044,-7.7127295,0.09030527,1.0,0.45293123,-34.76367,-102.03302,0.44374135,7.064904,0.014686906051635742,8185.034783363342,425000
26.775698,-36.674694,384.8861,613.58215,3.8772697,-9.721937,0.1065104,1.0,174.018,0.3914529,-7.597754,0.061561465,1.0,0.20262615,-37.60322,-104.211464,0.44331062,3.8001344,632.2583,3.8700175,-9.837412,0.12960547,1.0,187.63293,0.38644153,-7.715018,0.09087731,1.0,0.10257503,-35.453472,-101.72449,0.4476027,4.904854,0.012879922723770141,8249.434407949448,430000
21.661789,-11.9541,338.29272,589.82745,3.4748511,-9.8069725,0.12351747,1.0,160.9671,0.26673663,-7.602975,0.06286682,1.0,-0.061882608,-35.25603,-103.126976,0.4498168,10.831854,624.2486,4.219413,-9.836111,0.12934513,1.0,170.38919,0.3512554,-7.716014,0.09112635,1.0,-0.009203732,-34.64518,-102.46248,0.48141313,6.6572704,0.006945985078811646,8284.164341688156,435000
10.197989,-11.114706,275.52267,592.6626,3.5039058,-9.6751995,0.09716288,1.0,176.19836,0.37789893,-7.596112,0.061150923,1.0,0.26000187,-35.535526,-106.28401,0.42635512,3.0504718,623.94775,3.9965405,-9.789274,0.119977765,1.0,168.0741,0.3511557,-7.7027435,0.08780876,1.0,0.122843206,-36.104885,-101.569374,0.47418165,5.7076244,0.00407178144454956,8304.523256778717,440000
15.1302805,-11.750244,298.54395,588.77625,4.046893,-9.70196,0.102514915,1.0,148.87422,0.22786239,-7.5993404,0.06195804,1.0,0.17176418,-37.034332,-106.25797,0.4328627,3.8439107,625.44495,3.7542024,-9.835602,0.12924336,1.0,179.11736,0.4057595,-7.68472,0.08330301,1.0,0.20924589,-35.28088,-101.03845,0.46071643,4.252786,0.004043789052963257,8324.74221253395,445000
17.360613,-15.43408,255.54674,618.76855,3.918522,-9.678831,0.09788931,1.0,169.29295,0.42541265,-7.590348,0.05970989,1.0,0.4234149,-37.160442,-102.46786,0.463635,2.605486,616.7685,3.7628963,-9.8203335,0.12618978,1.0,178.26869,0.31377047,-7.714493,0.09074624,1.0,0.3676526,-34.07259,-101.036095,0.4533605,5.568731,0.004087024021148682,8345.1773416996,450000
10.990305,-12.30401,272.70258,599.5659,3.8780386,-9.697745,0.10167201,1.0,158.22733,0.36336562,-7.581596,0.057521947,1.0,0.4015091,-36.72939,-104.33091,0.44675088,3.7014906,646.04785,4.2326694,-9.825043,0.12713154,1.0,158.24544,0.3597391,-7.7093153,0.089451775,1.0,0.32923928,-38.452477,-101.114044,0.48932487,7.916668,0.0040937278270721435,8365.645989894867,455000
13.194895,-15.006474,292.68872,622.46594,4.1774106,-9.715328,0.105188586,1.0,170.13951,0.37344557,-7.6003723,0.062215984,1.0,0.15550718,-36.060135,-102.5009,0.45115197,4.093478,593.60706,3.2129288,-9.78532,0.11918695,1.0,169.15497,0.35447598,-7.7017508,0.08756071,1.0,0.16463603,-35.065002,-101.31008,0.4429712,3.9229965,0.004298085975646973,8387.136429071426,460000
36.64026,-25.829578,333.379,592.9866,3.8159413,-9.754112,0.11294528,1.0,148.81259,0.40835822,-7.607284,0.06394397,1.0,0.18729797,-35.811474,-103.89545,0.46127552,3.71208,641.0087,3.9490073,-9.807263,0.12357576,1.0,161.695,0.43333504,-7.700311,0.08720082,1.0,0.20098323,-35.226204,-101.40605,0.4625523,3.9582038,0.004113745307922363,8407.705163002014,465000
20.090479,-22.477995,303.81897,585.2459,3.6826963,-9.687901,0.099703036,1.0,163.07117,0.39292055,-7.6002474,0.06218472,1.0,0.21737741,-35.463287,-104.453,0.4346698,4.5712347,610.97504,3.698252,-9.850689,0.13226093,1.0,179.40305,0.41284338,-7.7473636,0.098963924,1.0,0.2304692,-34.90666,-100.96473,0.4456595,3.4050474,0.004065255355834961,8428.031446933746,470000
19.32944,-16.30592,340.4839,598.5995,3.5175092,-9.655405,0.09320414,1.0,176.18759,0.45133474,-7.5744386,0.05573263,1.0,0.10054758,-36.533245,-103.320526,0.42932832,3.2875247,632.49036,3.6303825,-9.783677,0.118858434,1.0,181.59888,0.41083813,-7.7072763,0.08894207,1.0,0.105101146,-35.364384,-101.94659,0.46396327,3.4938054,0.004073211812973022,8448.397516012192,475000
43.42228,-20.246153,354.72867,592.00696,3.693941,-9.742868,0.11069657,1.0,167.00479,0.31664643,-7.599771,0.062065754,1.0,0.30255535,-35.653027,-102.68592,0.39998904,3.3635788,644.26166,4.0993366,-9.802337,0.12259026,1.0,172.50098,0.457945,-7.735261,0.09593822,1.0,0.08200434,-35.02821,-101.71521,0.45864722,5.109273,0.004145021009445191,8469.122629642487,480000
11.775486,-10.396286,262.6683,583.57104,3.5041356,-9.73452,0.10902693,1.0,141.55609,0.32953033,-7.6211185,0.0674026,1.0,0.13125631,-37.21585,-104.29308,0.4320129,3.480245,633.7408,3.915091,-9.785068,0.11913655,1.0,160.58295,0.3689307,-7.716999,0.0913728,1.0,-0.056932412,-35.578587,-101.941574,0.47175986,6.860696,0.004043722581863403,8489.341251134872,485000
27.15889,-21.189362,408.20084,591.339,3.5395408,-9.710662,0.1042553,1.0,166.76581,0.3834413,-7.5901423,0.059658572,1.0,0.16561738,-36.153553,-103.34011,0.4406273,3.3870122,600.9182,3.7608793,-9.8340645,0.12893574,1.0,183.19533,0.43585443,-7.70093,0.08735546,1.0,0.23765597,-35.551487,-100.12153,0.45830652,3.4324648,0.004084126806259155,8509.761895418167,490000
10.658245,-12.116014,258.80374,589.09863,3.501443,-9.683711,0.0988652,1.0,176.24263,0.42215335,-7.59789,0.061595358,1.0,0.1581094,-36.385036,-103.28551,0.45485204,3.2124968,617.65424,3.5430083,-9.864163,0.13495563,1.0,168.90144,0.33707178,-7.7480392,0.09913269,1.0,0.2850139,-35.445816,-101.70574,0.4608814,4.0900054,0.004080459785461426,8530.164202690125,495000
24.204025,-22.815117,294.17352,616.4282,4.359719,-9.703976,0.102918185,1.0,166.82333,0.40339565,-7.6083183,0.0642026,1.0,0.2626031,-34.812668,-104.090195,0.4158725,3.4273314,620.6627,3.9653788,-9.855248,0.13317265,1.0,168.74149,0.34353763,-7.727212,0.09392591,1.0,0.37066045,-36.29888,-101.263916,0.45532262,3.5158522,0.004158357429504394,8550.955999612808,500000
15.938749,-25.668022,358.0067,582.72375,3.165216,-9.676588,0.09744064,1.0,153.69354,0.38720897,-7.572679,0.05529269,1.0,0.25902334,-34.872673,-103.30209,0.41350615,3.5181174,619.5926,4.010439,-9.771665,0.11645575,1.0,156.20757,0.4103086,-7.7059183,0.08860254,1.0,0.25767854,-35.185295,-101.77817,0.47403246,4.465414,0.16248218431472777,9363.366930007935,505000
24.018417,-24.460773,482.8445,616.30835,4.5215435,-9.7297945,0.10808187,1.0,158.55214,0.39214444,-7.5903406,0.05970814,1.0,0.2769014,-35.894894,-108.36755,0.4673662,4.0520225,632.6582,3.917098,-9.839624,0.13004787,1.0,169.41547,0.40890023,-7.69868,0.086793005,1.0,0.38413823,-35.90512,-102.228294,0.4548675,5.6801696,0.014709583473205567,9436.914855241776,510000
14.936916,-18.444078,332.98828,602.3682,3.629333,-9.694954,0.10111375,1.0,165.93512,0.3916426,-7.610342,0.0647085,1.0,0.40742654,-35.00946,-105.652084,0.43476367,3.077621,620.2683,3.9312856,-9.796936,0.1215102,1.0,172.41776,0.43934622,-7.6962976,0.08619742,1.0,0.2654255,-35.67467,-102.00986,0.45613882,3.8615475,0.014673816967010499,9510.283949613571,515000
19.489729,-11.371889,311.39478,594.55194,3.8138678,-9.64287,0.09069685,1.0,159.53362,0.36387748,-7.6127586,0.06531266,1.0,0.30689722,-34.632076,-103.33619,0.414042,3.478249,602.2981,3.4132195,-9.829731,0.12806898,1.0,166.62154,0.35570472,-7.7276363,0.09403209,1.0,0.27807492,-35.192593,-102.36295,0.43891978,4.2025757,0.014708771324157715,9583.827815055847,520000
18.527824,-12.867609,247.22032,592.8804,3.5995011,-9.696356,0.10139408,1.0,165.32372,0.37367356,-7.5866137,0.05877643,1.0,0.13963261,-35.45636,-108.72897,0.4420493,2.8216877,632.7545,4.0675697,-9.78193,0.11850895,1.0,191.12549,0.48558533,-7.712622,0.0902785,1.0,0.20623831,-34.501583,-102.34454,0.43695042,4.2332,0.014712565803527831,9657.390652894974,525000
15.358355,-13.222854,308.63513,593.03107,3.480856,-9.758218,0.11376654,1.0,168.75307,0.30384156,-7.590801,0.059823133,1.0,0.18812597,-36.33194,-103.54144,0.42954475,4.6474934,620.6672,3.7688565,-9.82341,0.12680486,1.0,176.19894,0.44107848,-7.7335167,0.09550211,1.0,0.13946976,-36.391647,-102.90307,0.45730138,3.7489576,0.014689395523071289,9730.837639331818,530000
23.848198,-21.737305,268.8702,591.47375,3.6218898,-9.711306,0.10438424,1.0,168.92368,0.3245058,-7.601474,0.06249153,1.0,0.30803114,-36.67903,-104.76902,0.43627477,3.488058,649.18005,3.851865,-9.797773,0.121677734,1.0,171.9177,0.45289642,-7.7314205,0.09497809,1.0,0.3436733,-35.86227,-102.22882,0.4753232,3.6095362,0.014690075016021728,9804.288024902344,535000
10.315435,-11.858143,259.10107,596.3994,3.6624448,-9.674333,0.096989624,1.0,152.70316,0.38020736,-7.600277,0.062192254,1.0,0.43563616,-34.37934,-102.57418,0.44287628,3.3481588,629.3628,4.1086164,-9.780734,0.1182698,1.0,162.71909,0.29835582,-7.732395,0.09522175,1.0,0.17244953,-34.89822,-102.81453,0.44586468,4.22606,0.014711630725860595,9877.846187829971,540000
21.733095,-17.412317,288.8985,606.8309,3.9464324,-9.701141,0.10235133,1.0,155.92758,0.408012,-7.5943794,0.06071774,1.0,0.21017537,-37.137764,-102.31912,0.452204,2.8877916,631.9087,3.9115899,-9.835674,0.12925772,1.0,174.26205,0.38065058,-7.69671,0.086300485,1.0,0.2877481,-34.621826,-100.35484,0.4799346,5.1622577,0.014715657567977906,9951.424486160278,545000
35.89431,-28.359303,406.49274,620.65967,4.07588,-9.705921,0.10330702,1.0,153.4378,0.3076464,-7.593199,0.060422685,1.0,0.13809046,-35.501514,-103.470085,0.44737563,4.548798,608.1101,3.3480525,-9.835496,0.12922215,1.0,184.76295,0.29831532,-7.7245674,0.0932648,1.0,0.16608194,-36.54659,-102.248474,0.47839427,4.2051826,0.014677990436553955,10024.814448356628,550000
16.786016,-21.242842,336.7573,575.65125,3.4222283,-9.739958,0.11011469,1.0,163.0961,0.34520888,-7.5965223,0.061253533,1.0,0.34380734,-35.78567,-105.348724,0.4347107,3.4790044,606.812,3.6382284,-9.799265,0.12197598,1.0,169.43207,0.29925358,-7.7196603,0.09203806,1.0,0.299961,-35.320755,-102.71471,0.4603067,4.4435844,0.010599664163589477,10077.81278181076,555000
12.492222,-15.677927,275.466,572.5182,3.356752,-9.699965,0.10211595,1.0,142.99965,0.28034642,-7.5958333,0.061081268,1.0,0.3391233,-35.06022,-107.69957,0.43718016,3.2172174,616.7191,4.0346155,-9.789634,0.12004977,1.0,161.57594,0.366206,-7.7046804,0.08829313,1.0,0.39363325,-38.15879,-102.711105,0.46594518,6.1944885,0.009931231355667114,10127.46894979477,560000
18.909266,-21.328175,366.8474,611.5465,3.7550192,-9.660183,0.09415973,1.0,165.47311,0.3612389,-7.6052766,0.06344208,1.0,0.2166917,-36.397377,-103.384544,0.45328307,4.127902,639.57947,3.6370194,-9.81506,0.12513486,1.0,172.40952,0.39548308,-7.709896,0.08959697,1.0,0.3017949,-35.27856,-102.0241,0.4701381,4.781383,0.00997288179397583,10177.33337020874,565000
16.835007,-28.350075,341.38492,613.14667,3.9604027,-9.655661,0.093255095,1.0,170.12234,0.4169914,-7.574441,0.05573319,1.0,0.22879037,-37.101437,-103.398254,0.45426837,3.6926434,636.70496,3.9646816,-9.801693,0.12246158,1.0,170.90027,0.4625151,-7.7175465,0.091509566,1.0,0.11794373,-37.167324,-102.295074,0.4686783,3.971542,0.009926378202438354,10226.965273618698,570000
17.93803,-16.448769,404.34955,595.11365,3.6918921,-9.667906,0.09570413,1.0,153.9493,0.37827426,-7.5924206,0.060228117,1.0,0.17584614,-37.73022,-104.738365,0.47053024,4.542938,621.623,3.5036604,-9.782291,0.11858123,1.0,178.63324,0.40907928,-7.72361,0.093025506,1.0,0.095384315,-35.5293,-100.77757,0.48539823,3.9696012,0.005285408353805542,10253.392324924469,575000
8.829134,-7.123361,219.41669,592.5338,3.9615073,-9.614319,0.0849868,1.0,159.72345,0.37744245,-7.6000834,0.0621438,1.0,0.19805719,-36.22804,-103.62496,0.45636818,2.8425272,617.43677,3.8036995,-9.76841,0.11580487,1.0,178.59201,0.39415172,-7.7230783,0.09289254,1.0,0.8047578,-35.73889,-100.96363,0.45719293,3.5920205,0.0040704194068908696,10273.744431972504,580000
13.569859,-27.079851,351.7247,598.73846,3.8423295,-9.697402,0.10160325,1.0,160.11317,0.39698404,-7.595375,0.06096679,1.0,0.27205455,-35.548363,-106.484116,0.44637161,4.5362782,627.1837,3.7634268,-9.763388,0.11480065,1.0,156.91998,0.34637702,-7.73656,0.096262954,1.0,0.23031282,-35.617626,-101.73565,0.47229245,5.4187574,0.00401889967918396,10293.838954925537,585000
37.82947,-15.994394,297.7069,585.8534,3.7563195,-9.691178,0.1003587,1.0,162.1427,0.37900943,-7.5974207,0.061478004,1.0,0.2807086,-35.79437,-103.926765,0.41717613,4.436925,605.449,3.5392432,-9.801052,0.12233346,1.0,171.79144,0.4429468,-7.7228174,0.092827365,1.0,0.23430008,-35.873684,-100.68291,0.4532485,4.6349316,0.004024002408981323,10313.958974123001,590000
16.99674,-18.512115,319.05185,614.41614,3.9661283,-9.710099,0.10414275,1.0,162.7822,0.41139174,-7.6140075,0.06562484,1.0,0.20930026,-36.940258,-103.60299,0.430611,3.8677268,612.1499,3.7390294,-9.82943,0.12800883,1.0,163.05334,0.3337831,-7.712044,0.09013387,1.0,0.039208338,-35.776062,-101.01387,0.47277674,7.5500402,0.004064981126785278,10334.28389120102,595000
9.777439,-12.414909,272.74918,614.47046,3.986361,-9.635714,0.089265645,1.0,166.88144,0.33504158,-7.5985365,0.061757073,1.0,0.41140327,-34.85941,-108.89503,0.44727117,3.3276849,630.7106,3.96968,-9.8375225,0.12962735,1.0,185.84984,0.46198553,-7.7187834,0.09181884,1.0,0.15070176,-34.634953,-100.82189,0.4550978,4.974505,0.004046512508392334,10354.516463518143,600000
24.765476,-22.221071,325.69357,585.83386,3.7650514,-9.742291,0.11058133,1.0,142.91463,0.35819077,-7.5847607,0.05831308,1.0,0.30227086,-35.939564,-105.995316,0.44225037,5.9930696,645.95715,4.392967,-9.796159,0.12135457,1.0,170.23712,0.36081612,-7.727772,0.09406601,1.0,0.19722264,-35.296043,-103.03608,0.47620976,5.197394,0.14685658087730408,11088.799375772476,605000
17.117802,-22.194248,322.16412,620.9639,3.9778256,-9.684408,0.09900465,1.0,179.39865,0.39158496,-7.592387,0.060219754,1.0,0.123870715,-36.38966,-104.98391,0.45613706,3.601725,597.23413,3.8344622,-9.798014,0.12172587,1.0,189.6892,0.39592597,-7.7442117,0.09817587,1.0,0.50224555,-35.848934,-102.53441,0.4976112,6.515111,0.014698771476745606,11162.293244123459,610000
29.22445,-51.652744,455.50964,578.5507,3.441582,-9.7157135,0.1052657,1.0,156.84558,0.3535102,-7.5969725,0.061366156,1.0,0.2464745,-35.52467,-106.112076,0.45908305,4.619701,618.66583,3.3942099,-9.873929,0.13690875,1.0,169.47578,0.35138515,-7.7069216,0.08885339,1.0,0.2807455,-36.586937,-100.58432,0.45975047,3.7976341,0.014719259119033814,11235.889550685883,615000
15.244654,-13.269977,295.9983,605.43555,4.0846634,-9.643881,0.09089925,1.0,175.58429,0.5057441,-7.599224,0.061929002,1.0,0.2087199,-36.065166,-106.2577,0.44955274,3.476884,603.28284,3.7680182,-9.752644,0.1126516,1.0,182.53484,0.4621287,-7.7074986,0.08899761,1.0,0.27285993,-36.13105,-103.24036,0.48589295,4.839903,0.01470678973197937,11309.423507928848,620000
24.743555,-26.677544,305.11383,600.75867,3.9585023,-9.635849,0.08929255,1.0,156.29178,0.41539076,-7.5921416,0.060158428,1.0,0.16127409,-35.547787,-104.3601,0.44566077,3.001887,592.56433,3.3762002,-9.787043,0.11953151,1.0,173.7694,0.35830206,-7.7440243,0.09812901,1.0,0.2139809,-35.712902,-101.813255,0.4518409,4.0427923,0.014683203315734862,11382.839533805847,625000
63.57852,-22.749565,397.39896,582.5453,3.660262,-9.643923,0.09090767,1.0,163.266,0.43593577,-7.596546,0.06125946,1.0,0.22215645,-37.738617,-103.88823,0.46487594,4.9829283,605.6562,3.5001302,-9.811836,0.12449037,1.0,177.17596,0.45468712,-7.722253,0.0926861,1.0,0.5098451,-34.775402,-102.98813,0.46260595,5.647468,0.0147137460231781,11456.408279895782,630000
16.915298,-20.885635,304.84213,595.5831,4.0827827,-9.632204,0.08856387,1.0,175.04083,0.41920412,-7.596079,0.061142668,1.0,0.143086,-36.331387,-106.387184,0.4432059,3.5844011,636.86584,3.7830958,-9.816601,0.1254432,1.0,163.4737,0.36927682,-7.7412043,0.097424045,1.0,0.24867107,-36.89199,-101.21045,0.4747516,4.0431476,0.014718695688247681,11530.001770734787,635000
13.429331,-15.778485,281.68433,599.4379,3.788082,-9.67078,0.096279025,1.0,178.33896,0.46090645,-7.592991,0.060370617,1.0,0.2869122,-36.962128,-104.35294,0.43120342,2.9664693,622.00684,3.876402,-9.786943,0.119511604,1.0,187.38768,0.33862796,-7.7192407,0.09193311,1.0,0.25836313,-36.4147,-103.2204,0.4686283,5.260131,0.011747625160217285,11588.739916801453,640000
18.56378,-17.841206,294.5364,593.68634,3.5441089,-9.683748,0.09887268,1.0,151.17413,0.38125917,-7.5996475,0.062034883,1.0,0.27811038,-36.050247,-106.10285,0.4184272,3.2563777,621.5487,4.034418,-9.828613,0.12784569,1.0,159.80629,0.23065321,-7.7174177,0.091477334,1.0,0.2899695,-35.26486,-100.74177,0.46817303,3.6807208,0.009933903932571412,11638.40945148468,645000
11.601336,-15.501981,284.79657,595.8295,3.6543121,-9.669432,0.09600933,1.0,161.68076,0.3987025,-7.5973663,0.061464563,1.0,0.24687077,-36.025223,-105.37256,0.43606186,4.62844,627.34656,3.88506,-9.755789,0.113280825,1.0,174.7429,0.33448315,-7.715399,0.09097271,1.0,0.21851383,-34.73652,-101.27952,0.43790317,3.144649,0.009964827108383178,11688.233597278595,650000
41.69833,-22.352337,381.983,631.2312,4.3864083,-9.652527,0.09262828,1.0,156.9418,0.47147807,-7.569889,0.054595236,1.0,0.15581861,-36.970226,-103.714485,0.4398511,3.892353,599.274,3.858393,-9.80715,0.12355273,1.0,154.23523,0.32792774,-7.719637,0.092032075,1.0,0.24047355,-36.62631,-100.53111,0.50177467,4.1546974,0.009931902551651,11737.893120765686,655000
16.054493,-21.77836,333.53046,607.77515,3.7515583,-9.662205,0.09456408,1.0,150.83875,0.35217762,-7.5908904,0.059845567,1.0,0.22002822,-36.380157,-105.48694,0.4513018,3.5234444,593.3043,3.6142797,-9.79662,0.12144709,1.0,177.89899,0.40556723,-7.710417,0.08972719,1.0,0.23902053,-36.49881,-103.535484,0.5021982,7.2240987,0.009965900564193726,11787.722637414932,660000
30.489162,-20.558348,405.90317,589.82587,3.6561096,-9.672775,0.09667795,1.0,159.29938,0.35680306,-7.6009564,0.06236204,1.0,0.4459991,-37.858833,-104.68745,0.45998225,3.9731646,621.7389,3.873271,-9.770254,0.11617371,1.0,171.93091,0.38752058,-7.7304125,0.0947261,1.0,0.16223727,-35.4098,-101.98399,0.46787348,3.192632,0.009929843854904174,11837.371869564056,665000
15.567652,-11.911556,301.0076,617.1788,4.119625,-9.641777,0.0904783,1.0,163.73822,0.30377805,-7.617181,0.06641823,1.0,0.29242975,-35.020252,-106.30155,0.4389639,4.714947,623.58716,4.184145,-9.759256,0.113974385,1.0,179.29517,0.38504913,-7.7271943,0.09392149,1.0,0.36341423,-35.787045,-99.32364,0.46992165,4.760367,0.009965854215621949,11887.201153755188,670000
6.5021534,-13.761144,240.95029,595.9033,3.723292,-9.648732,0.091869295,1.0,146.96323,0.33439833,-7.605416,0.06347694,1.0,0.11570682,-34.802094,-108.39553,0.450171,4.0594244,639.9096,4.3338394,-9.773642,0.11685129,1.0,174.37538,0.4051814,-7.7198706,0.09209055,1.0,0.12886502,-35.167294,-99.65405,0.47195992,4.564296,0.00992622241973877,11936.832282543182,675000
28.22187,-15.440768,330.54297,609.07794,3.9281297,-9.692158,0.1005543,1.0,151.01349,0.27386734,-7.595578,0.06101764,1.0,0.22606671,-37.57635,-106.25062,0.42758232,4.1877594,632.53235,3.9253294,-9.802465,0.12261605,1.0,164.31454,0.36224312,-7.72756,0.094012916,1.0,0.17519164,-37.932976,-100.093834,0.48722294,4.58832,0.00995336012840271,11986.59909749031,680000
38.84551,-52.70863,624.94525,610.7416,3.897392,-9.696789,0.10148086,1.0,146.00705,0.24620536,-7.592791,0.06032081,1.0,0.38864535,-36.04319,-103.93374,0.430826,3.4908357,641.2883,4.3939466,-9.845336,0.13119017,1.0,157.68533,0.3471803,-7.715126,0.09090446,1.0,0.3655764,-36.484207,-100.62485,0.4918597,6.1999817,0.00993906741142273,12036.294447660446,685000
18.583992,-15.237452,304.31454,590.6518,3.9505339,-9.6447525,0.091073595,1.0,154.66946,0.36059806,-7.610593,0.06477113,1.0,0.30549908,-35.520473,-106.48466,0.4433622,3.8223805,607.055,4.089756,-9.749071,0.111937284,1.0,182.2923,0.42333883,-7.717417,0.0914772,1.0,0.25668377,-36.14854,-102.23696,0.48640436,6.339826,0.009949350118637085,12086.04121017456,690000
18.323612,-26.34903,330.28943,600.0835,3.7392464,-9.61492,0.08510695,1.0,171.34943,0.49531233,-7.5793533,0.056961313,1.0,0.12160294,-36.55657,-104.94827,0.43817058,3.3642578,624.93134,3.859179,-9.753411,0.11280527,1.0,171.88278,0.33751982,-7.743864,0.09808904,1.0,0.19340174,-36.340942,-103.01996,0.46211675,3.3999214,0.008722004556655883,12129.651242256165,695000
8.020071,-8.466646,242.08806,594.3415,3.711829,-9.626692,0.08746144,1.0,164.52844,0.42298347,-7.5984573,0.0617373,1.0,0.22528481,-36.92641,-104.477554,0.42799646,3.670976,613.7688,3.9534895,-9.793947,0.120912254,1.0,176.98273,0.4003757,-7.7204475,0.09223485,1.0,0.22101335,-36.318905,-102.52733,0.4651191,4.212911,0.0041467562198638916,12150.385032176971,700000
18.748299,-9.048806,268.86398,621.29584,3.7977982,-9.6266575,0.0874545,1.0,155.67767,0.39799547,-7.577201,0.056423105,1.0,0.26993322,-36.770542,-104.78879,0.44896072,3.67597,633.11597,3.8832235,-9.767588,0.11564038,1.0,166.78734,0.35459995,-7.736293,0.09619614,1.0,0.2834705,-37.17813,-102.77335,0.47411796,3.735634,0.14466792340278625,12873.724663496017,705000
22.69527,-15.758884,297.19058,608.4436,4.02751,-9.606955,0.08351391,1.0,145.66713,0.3888039,-7.5964866,0.061244626,1.0,0.23761605,-36.400192,-105.95016,0.44393575,2.8905292,615.5752,3.8751693,-9.744158,0.11095464,1.0,183.49689,0.4389491,-7.7210627,0.092388734,1.0,0.3908489,-36.12747,-102.10085,0.47034258,4.761749,0.009953835678100586,12923.493854761124,710000
23.400179,-10.111159,295.31308,588.02246,2.974666,-9.66437,0.09499697,1.0,175.21283,0.46440348,-7.59855,0.061760567,1.0,0.28624743,-36.869762,-106.66464,0.4318523,3.2854052,613.1784,3.9784648,-9.803536,0.12283025,1.0,162.8245,0.292575,-7.7330217,0.095378384,1.0,0.20800887,-36.694733,-100.79559,0.50516653,4.0943394,0.009942464685440064,12973.206189393997,715000
22.851265,-22.487888,325.40308,611.4465,3.7900538,-9.675423,0.09720737,1.0,173.65317,0.41782194,-7.584465,0.058239244,1.0,0.14552356,-35.83433,-108.12084,0.4489018,3.5026722,596.7328,3.3828309,-9.876299,0.13738266,1.0,183.21518,0.41207364,-7.731987,0.095119685,1.0,0.09724137,-35.399338,-102.94069,0.4532487,3.5887015,0.00994927396774292,13022.952572584152,720000
16.063232,-36.79678,322.7573,600.7485,4.089493,-9.648532,0.09182936,1.0,152.8521,0.42078412,-7.5884943,0.05924663,1.0,0.2047898,-34.325333,-105.73671,0.41567877,3.600171,620.4426,4.0862083,-9.834776,0.12907825,1.0,184.2322,0.30602404,-7.731269,0.09494023,1.0,0.29607427,-34.625317,-103.36755,0.45522803,4.1789823,0.00994784426689148,13072.691805362701,725000
19.012318,-16.673393,240.16644,611.13824,4.349412,-9.637533,0.089629486,1.0,164.03493,0.488005,-7.583143,0.0579087,1.0,0.36102152,-36.234188,-105.83096,0.46022737,2.839677,644.31287,4.134409,-9.791319,0.12038665,1.0,167.37338,0.36052805,-7.6880655,0.08413939,1.0,0.2081732,-34.474,-100.850784,0.44879,4.500662,0.009934200429916383,13122.362822532654,730000
26.870476,-14.683213,311.0196,583.4724,3.644989,-9.659144,0.093951836,1.0,152.1178,0.3361979,-7.5930285,0.06038016,1.0,0.16723676,-35.333435,-105.820015,0.43068016,4.3057613,614.6681,3.8488474,-9.778933,0.11790941,1.0,171.89871,0.33104673,-7.725457,0.0934872,1.0,0.19913954,-35.495083,-101.44566,0.46277916,4.0793953,0.009967073917388916,13172.198204994202,735000
19.280228,-13.9412365,305.59232,605.9082,3.6897635,-9.658052,0.093733564,1.0,164.46692,0.42634547,-7.584841,0.05833321,1.0,0.45592082,-35.771717,-104.73813,0.40138057,3.7420573,604.24194,3.7114654,-9.768093,0.115741566,1.0,172.22165,0.38176304,-7.7251625,0.09341364,1.0,0.3941514,-35.689713,-104.0114,0.464859,3.6161945,0.009933894109725953,13221.867688417435,740000
16.817598,-23.528183,251.72482,592.7466,3.968139,-9.639347,0.08999248,1.0,150.483,0.35180205,-7.594369,0.060715076,1.0,0.31488252,-36.970024,-104.52757,0.42239165,3.2369053,628.3379,3.8601182,-9.7732525,0.11677351,1.0,167.08366,0.44970316,-7.6968684,0.086340144,1.0,0.28508735,-34.790234,-104.476746,0.4775179,4.9831386,0.009968249320983887,13271.708946228027,745000
11.196708,-14.692022,238.84915,611.52185,4.1320925,-9.6478615,0.09169532,1.0,151.66118,0.3317497,-7.587958,0.059112467,1.0,0.18824784,-35.82552,-104.39507,0.43551803,2.9358988,626.95776,4.2100525,-9.747026,0.11152845,1.0,163.14195,0.42745864,-7.719894,0.09209643,1.0,0.14138749,-35.481873,-103.07273,0.460899,3.827773,0.009930580949783325,13321.36186003685,750000
12.90029,-12.3746195,293.20892,616.5166,3.8567452,-9.605917,0.08330639,1.0,160.58412,0.40642002,-7.587598,0.0590224,1.0,0.2301369,-37.552906,-109.023964,0.4561692,3.6812813,618.70386,4.023568,-9.748997,0.1119223,1.0,175.36647,0.470859,-7.722086,0.09264447,1.0,0.83968467,-35.90404,-101.34773,0.4820025,4.067563,0.01421463270187378,13392.435032606125,755000
18.695343,-10.482239,287.8157,584.2014,3.6000283,-9.697184,0.10155966,1.0,161.87613,0.29591706,-7.593689,0.06054513,1.0,0.39562634,-36.549923,-105.136444,0.4505096,3.902139,604.692,3.4877722,-9.766792,0.1154814,1.0,174.39745,0.36055303,-7.710118,0.08965243,1.0,0.30533937,-34.688297,-101.02518,0.45952556,5.9592433,0.014716557502746582,13466.017830133438,760000
10.832153,-10.789347,353.08014,613.68005,4.1990056,-9.63713,0.089548945,1.0,160.85182,0.38301265,-7.5954733,0.060991257,1.0,0.19958684,-35.994003,-104.57907,0.46066624,5.187051,635.68677,4.027585,-9.779993,0.11812174,1.0,167.49057,0.3844987,-7.71968,0.09204297,1.0,0.4780771,-37.2576,-100.345566,0.48355982,4.255642,0.01468554015159607,13539.445541858673,765000
12.940147,-30.36647,268.34055,607.8849,3.7573285,-9.671228,0.09636857,1.0,154.9508,0.22258763,-7.593482,0.060493536,1.0,0.1953659,-36.46416,-107.71082,0.44465208,5.286534,621.1345,3.8693576,-9.785675,0.11925783,1.0,184.17055,0.36237183,-7.70501,0.088375404,1.0,0.15292653,-36.74407,-103.61976,0.46203512,4.109062,0.014705304431915284,13612.972073554993,770000
12.7077675,-13.415567,243.79941,621.8971,3.9698398,-9.621629,0.086448744,1.0,155.40158,0.34865597,-7.586837,0.05883214,1.0,0.20352933,-36.777016,-105.17384,0.48294386,3.1551876,641.1421,4.229377,-9.798225,0.12176795,1.0,161.80086,0.35294023,-7.7567544,0.1013116,1.0,0.21835351,-37.169678,-103.507744,0.48927486,4.928065,0.01471710262298584,13686.557595729828,775000
16.037209,-18.773827,307.97806,611.8402,3.9045494,-9.605371,0.08319729,1.0,158.41061,0.37136942,-7.58644,0.05873295,1.0,0.20767272,-35.622074,-107.85715,0.4387014,10.5402,642.929,4.285527,-9.780879,0.11829875,1.0,159.02194,0.36769795,-7.7275667,0.094014674,1.0,0.2245767,-36.27841,-101.594406,0.4704317,3.4979982,0.014716988182067871,13760.142548799515,780000
83.293816,-60.542072,794.1252,583.9105,3.7212224,-9.657878,0.093698494,1.0,154.17166,0.3173634,-7.59575,0.061060473,1.0,0.34935933,-36.484264,-103.77956,0.4413237,4.3171687,605.31055,3.7465985,-9.7251625,0.10715536,1.0,178.70578,0.34800938,-7.7278647,0.09408917,1.0,0.5155618,-35.571114,-99.703674,0.47156662,6.3883476,0.014685662603378296,13833.57087111473,785000
15.710251,-25.868631,262.9291,593.9321,3.7402275,-9.638115,0.08974599,1.0,139.21082,0.3175514,-7.58045,0.057235494,1.0,0.47070464,-36.972332,-105.1656,0.45419043,3.1702328,635.3505,4.5008698,-9.733009,0.10872475,1.0,163.18636,0.34179604,-7.740649,0.0972853,1.0,0.22291271,-35.406483,-100.41867,0.4790305,5.7017026,0.014705473947525024,13907.09825205803,790000
8.344534,-9.705507,221.38008,572.8684,3.821404,-9.631294,0.08838171,1.0,167.82101,0.43740818,-7.5888844,0.05934402,1.0,0.2290486,-36.831676,-105.37687,0.45915386,2.9766734,612.16345,3.773552,-9.779394,0.1180018,1.0,181.81096,0.45728612,-7.705333,0.08845633,1.0,0.21388051,-35.910538,-100.40051,0.45454445,2.9580686,0.014719655847549439,13980.696539878845,795000
18.593882,-19.47038,308.63055,591.8252,3.8943827,-9.664921,0.09510713,1.0,152.77069,0.3739093,-7.593951,0.060610853,1.0,0.17913717,-37.32629,-106.7264,0.4628638,3.4854302,636.38434,4.0358257,-9.814705,0.12506393,1.0,173.15222,0.41459212,-7.7016397,0.08753292,1.0,0.17021878,-34.958168,-101.29903,0.45914936,4.364191,0.0122448175907135,14041.920640230179,800000
14.394703,-10.677652,245.31282,606.33356,4.0264473,-9.629526,0.08802809,1.0,148.00429,0.31309426,-7.572724,0.055303898,1.0,0.13211623,-34.52723,-103.37268,0.4164822,3.7475128,630.05334,4.0079784,-9.796116,0.12134617,1.0,168.96779,0.37619078,-7.7086663,0.08928949,1.0,0.20558128,-37.971455,-99.77485,0.4854196,3.5169373,0.1502211440563202,14793.026372432709,805000
13.970993,-18.112478,347.10895,604.39417,4.1592903,-9.640416,0.0902062,1.0,154.00034,0.37900424,-7.590464,0.059739053,1.0,0.35043663,-37.586605,-104.37754,0.43936783,3.4229605,640.4627,4.3544607,-9.715488,0.1052207,1.0,171.05487,0.40173793,-7.7059937,0.088621415,1.0,0.38364118,-37.20313,-103.60567,0.46905792,3.8871691,0.009935181331634521,14842.702289819717,810000
17.777729,-13.576647,288.79312,598.9802,3.7499256,-9.6442795,0.09097904,1.0,156.10043,0.35938305,-7.597215,0.061426774,1.0,0.16856383,-37.162308,-107.69404,0.46428615,3.5951476,648.1072,4.368133,-9.723042,0.10673132,1.0,157.74283,0.35612556,-7.7127566,0.09031209,1.0,0.22622602,-34.515316,-98.9568,0.46982804,5.2693105,0.009948913526535035,14892.446871042252,815000
12.596118,-14.652838,252.47389,617.24585,4.0707254,-9.655256,0.09317417,1.0,147.99557,0.34143406,-7.5981717,0.061665796,1.0,0.1445794,-38.165462,-103.49908,0.4775933,4.3328924,601.77954,3.5425558,-9.819113,0.12594557,1.0,160.4354,0.35333386,-7.7173834,0.09146874,1.0,0.0881857,-35.438248,-102.83497,0.48221743,4.5262976,0.012077766609191895,14952.835712432861,820000
19.664633,-27.443842,302.98395,597.52655,3.8083756,-9.629082,0.08793928,1.0,173.39494,0.40522677,-7.5814466,0.05748459,1.0,0.10309856,-36.003872,-105.575455,0.44952065,3.8395543,614.8437,4.064331,-9.778526,0.11782806,1.0,166.92778,0.3878573,-7.7085967,0.08927213,1.0,0.27453297,-36.591747,-100.6161,0.5066478,3.8278954,0.014676326560974121,15026.217353343964,825000
22.456083,-24.59341,334.61722,585.9281,3.5666263,-9.614587,0.08504039,1.0,177.79074,0.5608768,-7.5712624,0.054938562,1.0,0.30662274,-35.826748,-107.49762,0.47410166,4.0323424,612.631,3.6936867,-9.799358,0.12199473,1.0,170.99713,0.441044,-7.717418,0.09147756,1.0,0.25575507,-36.51425,-103.6221,0.49008355,4.6855507,0.014703030920028686,15099.732517004013,830000
11.850496,-16.277527,271.1734,606.5876,3.5776505,-9.624609,0.08704492,1.0,155.36057,0.3964581,-7.5821724,0.057666168,1.0,0.094672784,-35.58749,-107.17197,0.4512603,3.3249598,610.0448,3.678649,-9.771591,0.11644139,1.0,175.32312,0.45660162,-7.703066,0.08788944,1.0,0.17779039,-36.530754,-103.874466,0.4415387,4.1938353,0.014708786773681641,15173.276478767395,835000
49.525658,-51.22893,481.2807,598.36255,4.05003,-9.683628,0.09884857,1.0,155.28197,0.3127194,-7.589628,0.05952993,1.0,0.31044617,-37.799267,-104.83998,0.45377612,4.35745,588.7948,3.709849,-9.807637,0.123650454,1.0,161.36946,0.4015581,-7.69775,0.08656061,1.0,0.763038,-34.600025,-104.190315,0.4971969,7.569459,0.014679484462738037,15246.673910856247,840000
16.743986,-18.734251,268.7957,614.9466,3.8164797,-9.638693,0.08986151,1.0,158.8916,0.32023877,-7.5790443,0.05688405,1.0,0.20919724,-36.139427,-108.73918,0.44520283,2.8923144,621.8127,3.689992,-9.75867,0.11385689,1.0,166.10544,0.41775846,-7.76149,0.10249552,1.0,0.16310462,-35.321968,-105.13088,0.4662662,6.24525,0.014682075691223144,15320.084301948547,845000
19.868467,-13.687973,342.31964,601.16614,3.878664,-9.669346,0.09599214,1.0,162.54074,0.38217023,-7.5775833,0.056518856,1.0,0.50190634,-35.262234,-106.33555,0.43503976,4.9034266,627.552,3.7589345,-9.735561,0.10923548,1.0,159.04659,0.38912332,-7.71187,0.09009045,1.0,0.2759897,-37.213272,-100.205696,0.47158462,3.702234,0.014705321311950684,15393.610918045044,850000
41.89982,-22.540934,383.02286,590.6959,3.6851115,-9.619337,0.08599042,1.0,167.40495,0.33804727,-7.597639,0.061532788,1.0,0.18422559,-35.93582,-107.72814,0.44977817,4.059291,624.6997,3.910034,-9.77207,0.11653685,1.0,186.00598,0.3938315,-7.7341566,0.09566216,1.0,0.1948381,-36.970192,-103.44909,0.47313705,3.539164,0.014707432699203491,15467.148090362549,855000
44.013554,-27.349476,335.23798,621.8608,4.107126,-9.689583,0.10003965,1.0,189.53836,0.50465924,-7.5924573,0.06023731,1.0,0.0014326572,-36.636578,-104.865974,0.43725395,3.75416,644.20215,4.257327,-9.745968,0.11131673,1.0,171.82364,0.39876908,-7.6988916,0.086845905,1.0,0.11135514,-35.664925,-99.4652,0.5076698,5.270109,0.014662766027450562,15540.461928129196,860000
12.073758,-16.93003,271.02258,598.81854,3.5961103,-9.651228,0.092368655,1.0,155.47066,0.35184985,-7.595344,0.06095896,1.0,0.0658302,-36.883907,-107.28579,0.46871686,4.3161745,640.8396,3.9408379,-9.811943,0.12451147,1.0,183.90335,0.4888776,-7.7450995,0.098397896,1.0,0.22659415,-35.02182,-103.58758,0.49465755,4.14287,0.01469299373626709,15613.926906108856,865000
11.498433,-10.876325,239.92886,601.3224,4.0394454,-9.582646,0.078652166,1.0,165.23619,0.4649228,-7.5820684,0.057640117,1.0,0.18380243,-36.612484,-105.669495,0.45852882,3.4177535,599.21826,3.6353598,-9.733763,0.10887537,1.0,176.00285,0.4261865,-7.7305737,0.09476638,1.0,0.11055189,-36.979176,-100.58436,0.47567943,4.691326,0.014706542825698853,15687.459628582,870000
23.614273,-19.241177,345.92065,596.54285,3.5787215,-9.639538,0.090030305,1.0,162.86725,0.40493563,-7.5890284,0.059380118,1.0,0.24915384,-37.055023,-106.58509,0.4640602,3.7403336,611.0706,3.9568245,-9.764855,0.11509409,1.0,185.29288,0.4685622,-7.724353,0.09321114,1.0,0.13914084,-35.705482,-99.81613,0.49540254,7.880408,0.014686483097076417,15760.892057418823,875000
9.926868,-39.68233,284.7615,594.2178,3.8104172,-9.639013,0.08992548,1.0,163.17331,0.41564253,-7.58112,0.05740293,1.0,0.20900331,-36.34585,-106.52153,0.45176795,2.9255006,626.8413,4.045271,-9.766558,0.11543442,1.0,153.21817,0.22746533,-7.70588,0.088592954,1.0,0.17236345,-35.70767,-103.78546,0.4594894,4.7934084,0.01468232946395874,15834.303712844849,880000
10.067817,-19.781584,303.511,592.9291,3.6300142,-9.676609,0.09744473,1.0,168.34766,0.41262978,-7.5965014,0.06124826,1.0,0.22030528,-35.716938,-106.30993,0.4414765,4.1434875,598.29407,3.129549,-9.811562,0.12443524,1.0,172.98666,0.3818547,-7.7206917,0.09229587,1.0,0.31278658,-35.903057,-104.10066,0.48693228,5.159893,0.014698749876022339,15907.797471284866,885000
27.339424,-10.288013,285.00195,588.7259,3.742957,-9.613132,0.08474963,1.0,175.18976,0.51661444,-7.586246,0.05868444,1.0,0.16567181,-36.750984,-106.55745,0.46695504,3.8592608,611.25085,3.4238238,-9.801795,0.12248206,1.0,172.1936,0.36672544,-7.7238684,0.09309001,1.0,0.23221159,-36.137554,-99.79948,0.48135442,3.4595902,0.014703355741500855,15981.314260959625,890000
17.49464,-14.370065,334.2691,592.8897,3.9542599,-9.625055,0.08713393,1.0,162.75023,0.4150393,-7.5957375,0.0610573,1.0,0.20154442,-36.79913,-106.99538,0.4629197,3.8007505,614.97614,3.9659464,-9.729405,0.10800411,1.0,184.26643,0.435117,-7.723566,0.09301445,1.0,0.18607844,-37.395916,-100.06963,0.47675717,3.613659,0.01467182936668396,16054.673416137695,895000
11.636441,-14.20613,338.07605,582.53455,3.2460287,-9.64113,0.09034895,1.0,154.60915,0.33896005,-7.5894284,0.059480056,1.0,0.26488763,-35.849365,-107.129135,0.46497345,4.2889433,638.22345,3.3830478,-9.774595,0.11704204,1.0,162.8474,0.41425157,-7.732899,0.095347814,1.0,0.16934565,-35.678112,-102.91949,0.48363075,16.168278,0.014686473846435547,16128.105793952942,900000
25.196714,-20.436476,334.41248,595.13965,3.7519803,-9.609781,0.08407917,1.0,161.17877,0.3876457,-7.60353,0.06300538,1.0,0.015090257,-39.128094,-107.424164,0.47351855,3.7757685,626.266,4.179138,-9.737501,0.10962301,1.0,148.08717,0.30288476,-7.7247634,0.0933138,1.0,0.14436416,-36.710403,-100.19252,0.51325786,11.874198,0.13394413390159607,16797.826472759247,905000
59.340233,-29.668724,388.20572,586.48083,3.5328474,-9.65575,0.09327321,1.0,177.33673,0.42570344,-7.591977,0.06011727,1.0,0.4268936,-36.845512,-105.21515,0.44074237,3.875403,615.2903,3.4277382,-9.791988,0.12052057,1.0,180.44934,0.43860865,-7.716017,0.09112717,1.0,0.37973198,-35.921585,-99.24562,0.46169546,4.041334,0.00406633677482605,16818.158165693283,910000
8.488148,-14.451624,255.41714,612.0016,4.1714344,-9.601478,0.082418434,1.0,171.82379,0.40046054,-7.5841866,0.058169607,1.0,0.2311811,-36.38568,-105.63004,0.42428118,3.4558818,621.84424,3.731202,-9.747614,0.11164563,1.0,186.57565,0.43302453,-7.7287283,0.09430505,1.0,0.14719073,-36.81314,-102.873955,0.46851557,4.6233935,0.009629654741287231,16866.306449651718,915000
43.59113,-23.014412,381.9429,606.9729,3.638061,-9.653962,0.092915334,1.0,159.38641,0.4536407,-7.5862346,0.058681656,1.0,0.2537886,-37.33884,-106.558815,0.44361967,3.7550638,613.64996,3.8208945,-9.760096,0.11414204,1.0,166.88383,0.43000817,-7.7348413,0.09583331,1.0,0.3066737,-36.106934,-103.638916,0.48926795,4.972072,0.00996965308189392,16916.154728651047,920000
9.134649,-20.458036,253.6554,610.1038,3.8725452,-9.606709,0.08346479,1.0,166.87994,0.4122451,-7.5868526,0.058836084,1.0,0.21450524,-38.770096,-105.06295,0.4464137,2.9794497,615.8196,4.019999,-9.761356,0.114394166,1.0,157.74866,0.3596084,-7.731889,0.09509523,1.0,0.6682193,-37.297695,-104.06705,0.48817682,5.1389637,0.013834584665298463,16985.327661514282,925000
20.266766,-12.700747,247.59491,583.36017,3.4861052,-9.611632,0.08444945,1.0,169.0906,0.46383175,-7.5833883,0.057970032,1.0,0.08926152,-37.656666,-105.81417,0.46138713,3.3239524,615.2997,3.4400954,-9.7987175,0.121866345,1.0,182.45857,0.41055202,-7.7035065,0.08799951,1.0,0.110061884,-37.14314,-100.797646,0.5003016,3.6560986,0.01467731328010559,17058.714238882065,930000
18.77015,-18.04633,290.91013,618.29926,3.9340944,-9.61346,0.08481486,1.0,159.85431,0.41973358,-7.588087,0.059144687,1.0,0.3596738,-36.24017,-106.46474,0.4538407,4.255361,633.8886,3.9871914,-9.741963,0.11051565,1.0,168.8534,0.36464322,-7.7003856,0.08721944,1.0,0.2565679,-36.36086,-100.184364,0.46347898,3.7289898,0.014708215236663819,17132.255323410034,935000
12.841094,-26.60584,321.52307,628.51306,4.382452,-9.612042,0.08453138,1.0,160.1168,0.41174608,-7.5984874,0.061744787,1.0,0.4085779,-35.532906,-102.986565,0.44401568,3.961381,612.8584,3.5488787,-9.745842,0.11129131,1.0,170.84793,0.34385434,-7.7404613,0.09723826,1.0,0.30084682,-35.51733,-103.27611,0.48095658,3.418691,0.014707240295410156,17205.791532993317,940000
20.56314,-20.132702,304.20938,604.48254,4.082358,-9.630021,0.0881271,1.0,166.79718,0.3592009,-7.5765142,0.05625155,1.0,0.04113227,-34.890423,-107.06271,0.4388302,5.783606,621.0011,4.2527275,-9.750551,0.11223326,1.0,178.42036,0.48129123,-7.726411,0.09372571,1.0,0.20196205,-36.723186,-103.485,0.46697065,4.313401,0.014668565416336059,17279.134370088577,945000
10.985787,-18.476427,262.00626,606.4801,4.03738,-9.58588,0.079299204,1.0,147.02808,0.38685405,-7.590783,0.059818685,1.0,0.58709264,-36.884785,-103.64982,0.45659444,3.0460992,625.4053,4.2684145,-9.765572,0.11523718,1.0,170.5247,0.27641284,-7.746799,0.09882265,1.0,0.4139218,-36.933754,-100.1938,0.4685756,4.6603975,0.014690058660507202,17352.584672689438,950000
16.496943,-10.857607,247.68272,640.97986,4.0533752,-9.593929,0.0809088,1.0,178.9949,0.54991186,-7.576582,0.056268387,1.0,0.08366647,-38.22644,-106.45683,0.44476956,2.4494865,624.6737,3.8472786,-9.710718,0.10426662,1.0,170.63683,0.35687807,-7.731555,0.09501164,1.0,0.111325145,-35.64523,-103.68922,0.46906596,4.786396,0.014701675462722778,17426.093057870865,955000
25.198952,-25.494694,407.939,579.09265,3.472906,-9.631506,0.08842422,1.0,152.57376,0.31404984,-7.5923433,0.060208894,1.0,0.032234505,-38.413948,-105.761856,0.45248744,5.5214014,648.0905,4.3146753,-9.740971,0.110317074,1.0,154.13968,0.3337664,-7.729133,0.0944063,1.0,0.052299917,-37.18864,-102.82398,0.49213558,4.301997,0.014708679151535033,17499.636462688446,960000
17.747517,-21.306524,314.61478,582.15454,3.7990077,-9.62354,0.08683095,1.0,141.42767,0.34348375,-7.5755963,0.056022115,1.0,0.43484622,-36.25846,-105.88188,0.43924755,4.157809,629.4142,4.3126163,-9.802557,0.12263425,1.0,157.84285,0.30392623,-7.72822,0.09417799,1.0,0.5289021,-35.835358,-100.33052,0.5247458,11.097867,0.014665904951095581,17572.96599626541,965000
14.989986,-8.993011,235.7534,610.08234,4.1491776,-9.606067,0.08333631,1.0,154.78928,0.3889783,-7.598015,0.06162658,1.0,0.2472239,-37.139717,-103.375084,0.433559,4.0436745,609.2034,3.9868107,-9.711235,0.104369976,1.0,161.68,0.3729784,-7.741351,0.09746084,1.0,0.43125337,-36.194443,-102.53403,0.46762702,4.7079406,0.014699203538894654,17646.462022781372,970000
18.36273,-8.530926,217.01233,587.1524,3.949491,-9.621245,0.0863721,1.0,145.94177,0.40219885,-7.5981383,0.06165753,1.0,0.2236508,-36.428627,-104.863754,0.45644343,2.3417172,628.87573,3.9241633,-9.778683,0.117859416,1.0,162.28258,0.3543802,-7.738456,0.0967369,1.0,0.20091255,-35.542744,-99.02388,0.47334564,5.1725082,0.01470329623222351,17719.97851204872,975000
25.415085,-20.803621,329.379,600.6773,3.7229772,-9.649551,0.0920331,1.0,155.20663,0.3815263,-7.5994368,0.061982244,1.0,0.20488119,-34.62086,-107.726234,0.44980773,4.157073,638.1509,4.424364,-9.774256,0.11697426,1.0,162.90764,0.3364703,-7.7201138,0.092151314,1.0,0.31568092,-34.230198,-102.16709,0.46539354,4.141178,0.014686651515960693,17793.411777496338,980000
15.27655,-11.880717,273.74622,591.54517,3.8234248,-9.627846,0.087692134,1.0,165.90399,0.38612372,-7.595099,0.060897693,1.0,0.24654317,-36.52687,-107.52622,0.464874,4.3661327,625.87445,4.2457466,-9.758255,0.113773875,1.0,168.79141,0.43099016,-7.7168617,0.09133838,1.0,0.2219528,-37.656773,-100.79523,0.49950814,5.099806,0.01467954454421997,17866.809512615204,985000
11.323273,-11.891956,288.41397,590.6814,3.6469655,-9.584814,0.07908566,1.0,164.06837,0.4480374,-7.5815516,0.05751078,1.0,0.264592,-35.24161,-106.319374,0.43557817,4.0786,609.666,3.489471,-9.732954,0.10871383,1.0,162.47925,0.40339833,-7.707699,0.08904767,1.0,0.28125983,-35.83635,-103.91856,0.47185117,4.12735,0.014700733947753905,17940.313191890717,990000
14.029615,-23.524364,281.92917,577.6874,3.559001,-9.634972,0.08911735,1.0,154.6359,0.3652104,-7.5842276,0.058179975,1.0,0.25576752,-35.80781,-106.726105,0.4412083,4.272167,614.16455,3.73558,-9.736193,0.10936153,1.0,160.42224,0.427689,-7.735911,0.09610075,1.0,0.2450435,-35.06097,-99.44903,0.48549503,7.0098047,0.014696677350997925,18013.796590566635,995000
17.738697,-34.360043,306.69275,593.6157,3.903553,-9.614658,0.08505471,1.0,157.75067,0.367316,-7.6007123,0.062301047,1.0,0.25955594,-38.320904,-102.09819,0.43631828,3.835518,621.9715,3.8295183,-9.713087,0.10474043,1.0,180.77045,0.47163635,-7.7042007,0.08817312,1.0,0.11284414,-37.301105,-103.92252,0.4943376,6.5645475,0.01466447410583496,18087.11897110939,1000000
