training/actor/actor_loss,training/actor/bc_log_prob,training/actor/bc_loss,training/actor/mse,training/actor/q_abs_mean,training/actor/q_loss,training/actor/q_mean,training/actor/std,training/critic/critic_loss,training/critic/q_max,training/critic/q_mean,training/critic/q_min,training/grad/max,training/grad/min,training/grad/norm,training/value/v_max,training/value/v_mean,training/value/v_min,training/value/value_loss,validation/actor/actor_loss,validation/actor/bc_log_prob,validation/actor/bc_loss,validation/actor/mse,validation/actor/q_abs_mean,validation/actor/q_loss,validation/actor/q_mean,validation/actor/std,validation/critic/critic_loss,validation/critic/q_max,validation/critic/q_mean,validation/critic/q_min,validation/value/v_max,validation/value/v_mean,validation/value/v_min,validation/value/value_loss,time/epoch_time,time/total_time,step
5.6635017,-4.6635017,4.6635017,0.027523616,18.000675,0.9999999,-18.000675,1.0,0.6297025,0.0,-14.172471,-23.081198,1.0371337,-0.28883952,23.940432,1.200412,-13.543207,-22.291512,0.065415986,5.664011,-4.6640606,4.6640606,0.027747244,17.425056,0.99995035,-17.424192,1.0,0.7355043,0.0,-14.402431,-23.094893,0.94520855,-13.751312,-22.333347,0.05181801,0.2525440661907196,1262.7203471660614,5000
5.651744,-4.6517615,4.6517615,0.022827538,26.354393,0.9999825,-26.353933,1.0,0.8579243,0.0,-20.501543,-37.984043,0.62434876,-0.7513007,23.725454,0.677322,-19.979006,-37.3869,0.08840911,5.6509714,-4.6509814,4.6509814,0.022515444,26.853619,0.9999898,-26.853348,1.0,0.8980594,0.0,-20.77118,-38.28253,0.7976776,-20.244526,-37.623787,0.07272462,0.0026235723495483397,1275.838215827942,10000
5.64754,-4.6475506,4.6475506,0.021143038,31.293655,0.99998957,-31.293331,1.0,1.1230637,0.0,-24.351109,-50.30757,1.005228,-0.4892378,33.922115,1.1596766,-23.847075,-49.88527,0.1220574,5.656073,-4.6560793,4.6560793,0.024554802,31.51649,0.99999374,-31.516296,1.0,1.0253669,0.0,-24.4445,-49.481,0.8657033,-24.0109,-48.96546,0.09408141,0.0026164251804351806,1288.9203488826752,15000
5.6525774,-4.6525774,4.6525774,0.02315385,34.485935,1.0,-34.485935,1.0,1.2099552,0.0,-27.800705,-58.58903,0.43033496,-0.9354979,37.470436,0.732497,-27.36097,-58.15889,0.11892471,5.64659,-4.64659,4.64659,0.020759119,33.37504,1.0,-33.37504,1.0,0.8501102,0.0,-27.158262,-58.602768,0.87153965,-26.690067,-58.17762,0.08706108,0.002629473066329956,1302.0677211284637,20000
5.6429033,-4.6429033,4.6429033,0.019284401,34.638733,1.0,-34.638733,1.0,0.74103844,0.0,-29.154802,-64.33243,0.38706124,-0.25001165,17.274637,0.9581654,-28.76003,-64.05919,0.08595075,5.6486287,-4.648632,4.648632,0.021575967,34.76707,0.9999967,-34.766956,1.0,0.6486712,0.0,-28.552258,-64.63265,0.734681,-28.190514,-64.330795,0.084645614,0.002644166374206543,1315.288560628891,25000
5.6452103,-4.6452103,4.6452103,0.020207029,36.30732,1.0,-36.30732,1.0,1.1608793,0.0,-29.473976,-69.12978,0.47501835,-0.88413954,35.078102,0.8755207,-29.078257,-68.79606,0.11590748,5.6479397,-4.6479397,4.6479397,0.021299029,37.67954,1.0,-37.67954,1.0,1.0118296,0.0,-30.12152,-70.12199,0.8451993,-29.705748,-69.85327,0.13070473,0.0026118876457214358,1328.3480062484741,30000
5.6441655,-4.6441655,4.6441655,0.019789264,36.189064,1.0,-36.189064,1.0,1.3423316,0.0,-30.217106,-73.81873,0.6928065,-0.7137865,29.975782,0.90824366,-29.825329,-73.58731,0.12018499,5.6447253,-4.6447253,4.6447253,0.0200131,37.308014,1.0,-37.308014,1.0,1.1963131,0.0,-30.88818,-73.10485,0.911434,-30.504576,-72.87681,0.12009777,0.0026101533412933348,1341.3987801074982,35000
5.6427555,-4.642758,4.642758,0.01922598,37.12565,0.99999774,-37.125565,1.0,1.8699529,0.0,-30.845997,-75.22657,1.3321147,-1.3624141,52.80706,0.75296396,-30.464994,-75.00749,0.17302072,5.641738,-4.641738,4.641738,0.018818066,38.310364,1.0,-38.310364,1.0,1.1981516,0.0,-31.315466,-76.086105,0.7673668,-30.949543,-75.94183,0.15213662,0.0026132505416870118,1354.4650402069092,40000
5.6465344,-4.646547,4.646547,0.020741755,38.221268,0.9999876,-38.220795,1.0,0.8351171,0.0,-31.838524,-77.510475,0.6971187,-0.81529045,28.169968,1.1920427,-31.45153,-77.253784,0.119983934,5.6502304,-4.6502304,4.6502304,0.022215158,39.057602,1.0,-39.057602,1.0,1.0356042,0.0,-31.850578,-77.77668,0.65303296,-31.46513,-77.60732,0.117068216,0.0026511724948883055,1367.720909833908,45000
5.6384687,-4.6384687,4.6384687,0.017510455,37.912567,1.0,-37.912567,1.0,0.8675953,0.0,-31.578882,-79.152336,0.93102086,-0.88240135,30.363361,0.5952483,-31.232702,-79.04716,0.09290358,5.6429567,-4.642958,4.642958,0.01930624,37.83338,0.9999986,-37.83333,1.0,1.0432218,0.0,-32.27453,-78.18814,0.5946701,-31.889313,-78.090775,0.12361096,0.0026111539363861086,1380.776686668396,50000
5.6437454,-4.6437454,4.6437454,0.019621255,39.30887,1.0,-39.30887,1.0,0.9307975,0.0,-32.656876,-79.39374,0.67859685,-0.65887606,29.395975,0.4796681,-32.310947,-79.23658,0.09002368,5.645783,-4.645783,4.645783,0.020436026,38.411106,1.0,-38.411106,1.0,0.9023314,0.0,-31.343489,-79.02927,0.62652826,-30.985998,-79.13918,0.12316528,0.0026271685123443606,1393.9125363826752,55000
5.639125,-4.639125,4.639125,0.017772874,39.045383,1.0,-39.045383,1.0,0.78647125,0.0,-31.696476,-81.08948,1.2080753,-1.9565264,39.941372,0.4769327,-31.283848,-80.87342,0.12398198,5.6446614,-4.6446733,4.6446733,0.019992191,39.09261,0.99998814,-39.092144,1.0,0.7247025,0.0,-32.134922,-80.57699,0.860469,-31.786375,-80.463234,0.10065295,0.0026389114856719973,1407.1071009635925,60000
5.636197,-4.636197,4.636197,0.016601702,39.534565,1.0,-39.534565,1.0,0.8347785,0.0,-32.05641,-80.6596,0.9624562,-1.0092385,25.130508,0.64308894,-31.736269,-80.44379,0.08354031,5.6499343,-4.6499343,4.6499343,0.022096645,39.429928,1.0,-39.429928,1.0,0.8467642,0.0,-33.220627,-80.165504,0.5978151,-32.888916,-79.96177,0.08801853,0.0026513169288635255,1420.363692522049,65000
5.648241,-4.648241,4.648241,0.02141953,40.02634,1.0,-40.02634,1.0,0.93355,0.0,-34.01803,-81.345375,1.3369447,-1.3279152,43.913925,0.4492678,-33.68577,-81.07836,0.09299675,5.6456585,-4.6456585,4.6456585,0.020386258,39.920456,1.0,-39.920456,1.0,0.8001802,0.0,-33.95581,-80.34816,0.6754118,-33.63009,-79.976685,0.09948779,0.002621514177322388,1433.4712705612183,70000
5.6429095,-4.642912,4.642912,0.019287601,39.63884,0.9999975,-39.63874,1.0,0.9759997,0.0,-34.81898,-78.85683,0.7400723,-0.80161047,26.24834,0.5174283,-34.495388,-78.63006,0.106227085,5.6509733,-4.650975,4.650975,0.022512857,39.72947,0.9999979,-39.729385,1.0,0.74444795,0.0,-34.00154,-81.18033,0.49746826,-33.66857,-81.602554,0.09623941,0.0026169159412384032,1446.5558574199677,75000
5.6382456,-4.6382494,4.6382494,0.017422782,39.2378,0.99999595,-39.23764,1.0,0.67394423,0.0,-33.331047,-83.18811,0.43809685,-0.60788345,19.059364,0.65898216,-32.979393,-83.06009,0.12527254,5.645184,-4.645184,4.645184,0.020196611,39.999466,1.0,-39.999466,1.0,1.2220149,0.0,-32.51771,-82.166916,0.6805585,-32.184948,-81.85167,0.07230366,0.0026549999713897706,1459.8308644294739,80000
5.6365013,-4.6365013,4.6365013,0.01672349,39.590866,1.0,-39.590866,1.0,0.90960795,0.0,-33.317013,-82.46388,1.6520058,-1.2492005,42.81465,0.46096495,-33.00552,-81.95587,0.100828186,5.650184,-4.650184,4.650184,0.022196626,40.708496,0.99999994,-40.708496,1.0,0.67515326,0.0,-32.72928,-82.96916,0.60168684,-32.351368,-82.72818,0.12868747,0.0026464441299438477,1473.0630922317505,85000
5.6380434,-4.6380434,4.6380434,0.017340144,40.003105,1.0,-40.003105,1.0,0.6651227,0.0,-35.442726,-82.00619,0.57116884,-0.9555119,25.30363,0.75481975,-35.105927,-82.07167,0.11422786,5.643917,-4.643917,4.643917,0.01968971,40.824715,1.0,-40.824715,1.0,0.8304473,0.0,-34.370514,-82.55316,1.0798974,-34.0387,-82.43197,0.12506837,0.0026286787033081055,1486.2064929008484,90000
5.6366463,-4.6366463,4.6366463,0.016781488,40.645737,1.0,-40.645737,1.0,0.69157505,0.0,-34.534203,-83.43281,0.7735724,-0.6975894,22.291122,0.46457636,-34.17277,-83.17981,0.084242076,5.6536636,-4.6536636,4.6536636,0.023588616,40.274864,1.0,-40.274864,1.0,0.6864015,0.0,-33.75934,-82.802475,0.9565834,-33.408607,-82.6583,0.10793701,0.0026219568729400635,1499.3162860870361,95000
5.639443,-4.639443,4.639443,0.017900242,40.759182,1.0,-40.759182,1.0,0.69627845,0.0,-34.562973,-82.79799,0.5784199,-1.0847772,27.777002,0.8397805,-34.222275,-82.74518,0.118645705,5.6473985,-4.6474023,4.6474023,0.021084035,40.46363,0.999996,-40.46347,1.0,0.69814676,0.0,-34.56057,-84.018555,1.0482353,-34.216995,-83.87661,0.09207536,0.002770254039764404,1513.1675634384155,100000
5.640895,-4.640895,4.640895,0.018480854,39.62221,1.0,-39.62221,1.0,0.7702515,0.0,-33.31473,-84.808075,2.3554904,-1.3338472,34.864784,0.60099477,-32.98815,-84.67369,0.08223317,5.647757,-4.647757,4.647757,0.02122575,40.606422,1.0,-40.606422,1.0,0.7433483,0.0,-34.275307,-83.11112,0.59769565,-33.96028,-82.89531,0.09241116,0.19854118161201478,2505.8734786510468,105000
5.635338,-4.635338,4.635338,0.01625798,41.186974,0.99999994,-41.186974,1.0,0.5552936,0.0,-34.744488,-82.720985,0.4765008,-0.48434082,16.867556,0.5723949,-34.441628,-82.70848,0.069709785,5.6464887,-4.6464887,4.6464887,0.020718316,40.74044,1.0,-40.74044,1.0,0.9989454,0.0,-34.89955,-84.2786,0.6499472,-34.562744,-84.128876,0.10831967,0.0026653609275817873,2519.200290441513,110000
5.6322947,-4.632296,4.632296,0.015041386,41.508793,0.9999986,-41.508736,1.0,0.68034685,0.0,-34.70726,-85.43767,1.0727606,-0.6306937,26.217691,0.49589533,-34.399647,-85.45531,0.086542144,5.6551948,-4.655196,4.655196,0.024201531,40.97161,0.99999845,-40.97155,1.0,0.8344716,0.0,-36.051178,-85.18256,0.61053705,-35.72993,-84.96964,0.115237,0.0026550467014312745,2532.4755313396454,115000
5.635831,-4.635831,4.635831,0.016455231,40.554672,1.0,-40.554672,1.0,0.9879834,0.0,-35.639606,-84.82487,0.84293115,-0.79944867,22.493635,0.5046609,-35.306046,-84.52941,0.12053752,5.6492443,-4.6492443,4.6492443,0.021820711,41.375313,1.0,-41.375313,1.0,0.83917236,0.0,-34.45993,-85.66927,0.4172271,-34.125843,-85.51425,0.1182851,0.002665716600418091,2545.8041212558746,120000
5.637975,-4.637975,4.637975,0.017313002,41.20824,0.99999994,-41.20824,1.0,0.83501613,0.0,-36.26342,-86.006714,0.8505061,-0.82160497,22.073051,0.5128721,-35.917313,-85.721794,0.12040518,5.6608706,-4.6608706,4.6608706,0.026471177,41.44077,1.0,-41.44077,1.0,0.83728,0.0,-35.08373,-85.91766,0.6001151,-34.758118,-85.907906,0.15795356,0.0026587094306945802,2559.0976753234863,125000
5.64202,-4.64202,4.64202,0.01893107,40.71927,0.99999994,-40.71927,1.0,0.8411248,0.0,-34.423306,-87.04294,0.619051,-1.310375,28.4746,0.68286884,-34.04721,-86.95036,0.12628469,5.648258,-4.648258,4.648258,0.021426326,41.899773,1.0,-41.899773,1.0,0.8109264,0.0,-35.263535,-87.88926,0.5289072,-34.939606,-87.72532,0.10390077,0.002663604497909546,2572.4157049655914,130000
5.635986,-4.6359878,4.6359878,0.016518066,40.227295,0.999998,-40.227215,1.0,0.58310294,0.0,-34.530148,-86.70525,1.023874,-0.7055856,24.982016,0.50747395,-34.22387,-86.68499,0.076277286,5.653628,-4.653628,4.653628,0.02357415,41.39264,0.99999994,-41.39264,1.0,1.0604341,0.0,-34.528152,-86.5402,0.69651246,-34.16198,-86.51804,0.11787935,0.0026658556938171387,2585.744991540909,135000
5.636196,-4.636199,4.636199,0.01660238,42.4224,0.99999726,-42.422287,1.0,0.6979814,0.0,-36.39949,-86.59432,0.50807697,-0.37152177,19.338316,0.7824368,-36.073715,-86.52599,0.09702048,5.648739,-4.64874,4.64874,0.021618854,41.190693,0.9999988,-41.190643,1.0,0.5572631,0.0,-35.459335,-85.99147,1.1057363,-35.181305,-86.012596,0.082784176,0.0026548962116241456,2599.0194795131683,140000
5.632972,-4.6329727,4.6329727,0.015311855,42.934784,0.9999993,-42.934753,1.0,0.90593624,0.0,-35.324493,-87.54428,1.0812327,-1.2269858,30.705076,0.77269936,-35.013477,-87.35109,0.07949538,5.649926,-4.6499343,4.6499343,0.022096697,42.75816,0.99999166,-42.7578,1.0,0.6551071,0.0,-34.68258,-87.5064,0.7527427,-34.379143,-87.43658,0.101765186,0.0026542328357696534,2612.290650844574,145000
5.6357856,-4.6357856,4.6357856,0.016437251,41.427345,0.99999994,-41.427345,1.0,0.6966541,0.0,-36.30243,-86.55913,0.938365,-0.50182456,20.529371,0.52611405,-35.997173,-86.510414,0.11025414,5.647602,-4.647602,4.647602,0.02116381,42.203484,0.99999994,-42.203484,1.0,0.7387377,0.0,-36.42652,-85.90096,0.42668653,-36.119144,-85.8291,0.11920998,0.0027493612766265867,2626.0374641418457,150000
5.629829,-4.629831,4.629831,0.014055351,41.15347,0.99999803,-41.15339,1.0,1.0183245,0.0,-36.12607,-87.468155,0.69463664,-0.55252093,21.360905,0.77005506,-35.817966,-87.332214,0.10241502,5.6521444,-4.6521444,4.6521444,0.022980824,41.567307,1.0,-41.567307,1.0,0.68167746,0.0,-35.08206,-87.77408,0.5618437,-34.796806,-87.70353,0.11436681,0.0026417022228240965,2639.2459828853607,155000
5.63091,-4.63091,4.63091,0.014487021,42.09797,0.99999994,-42.09797,1.0,0.6298334,0.0,-36.406944,-87.97187,0.41405505,-0.6701216,18.57177,0.57226115,-36.086952,-87.4712,0.09832055,5.6501536,-4.6501613,4.6501613,0.022187524,42.631523,0.9999925,-42.631203,1.0,0.807428,0.0,-34.889774,-88.66236,0.7034664,-34.608685,-88.564896,0.09129973,0.0026792489051818847,2652.6422345638275,160000
5.62978,-4.62978,4.62978,0.014034859,41.07762,1.0,-41.07762,1.0,0.51962477,0.0,-35.55442,-87.65542,0.46066093,-0.3394758,16.854797,0.52001846,-35.2725,-87.63853,0.07735425,5.6591816,-4.6591854,4.6591854,0.025797207,41.778328,0.99999607,-41.77816,1.0,0.63093483,0.0,-35.694164,-89.05311,0.8529588,-35.379772,-88.91447,0.093632326,0.0026844846725463866,2666.064665079117,165000
5.6336465,-4.6336527,4.6336527,0.015584025,42.457184,0.99999374,-42.456917,1.0,0.596653,0.0,-36.936882,-89.09098,1.3867433,-0.6977516,32.10872,0.43188277,-36.658318,-89.03145,0.0848494,5.6517725,-4.6517725,4.6517725,0.022832057,41.918606,1.0,-41.918606,1.0,0.6577143,0.0,-36.113518,-88.99654,0.45186177,-35.835587,-88.97449,0.102338634,0.0026661546707153322,2679.395445585251,170000
5.635049,-4.635049,4.635049,0.016142657,40.682735,1.0,-40.682735,1.0,0.7140358,0.0,-33.925056,-87.26407,0.31419137,-0.54720384,17.012579,0.6815424,-33.622005,-87.07205,0.11193923,5.6653214,-4.6653214,4.6653214,0.028251648,42.760082,1.0,-42.760082,1.0,0.8861352,0.0,-35.653282,-87.63985,0.6790401,-35.34357,-87.66686,0.10531789,0.002684099817276001,2692.8159518241882,175000
5.631051,-4.631051,4.631051,0.0145434365,42.59827,1.0,-42.59827,1.0,0.42961538,0.0,-38.710846,-89.319824,0.8990637,-0.54312384,18.952719,0.49954486,-38.43744,-89.3361,0.0609617,5.661447,-4.661447,4.661447,0.026701739,39.930794,1.0,-39.930794,1.0,1.4392397,0.0,-37.264416,-89.00391,0.7038603,-36.98655,-88.84521,0.11394707,0.002664795351028442,2706.1399371623993,180000
5.632637,-4.632637,4.632637,0.015177677,43.157387,1.0,-43.157387,1.0,0.6871092,0.0,-36.51144,-88.46031,0.59060913,-0.5277981,25.30204,0.5228532,-36.23429,-88.27077,0.08715617,5.6515026,-4.651507,4.651507,0.022725716,42.927303,0.99999565,-42.927116,1.0,0.8893449,0.0,-36.440178,-89.07335,0.55048764,-36.15329,-88.97295,0.13603449,0.0026777753353118897,2719.5288214683533,185000
5.630882,-4.630889,4.630889,0.014478365,41.988335,0.9999927,-41.98803,1.0,0.6515612,0.0,-34.4862,-89.90503,0.5837648,-0.2578517,14.3092575,0.8784708,-34.214798,-89.78801,0.079721004,5.648929,-4.648929,4.648929,0.021694671,41.410095,1.0,-41.410095,1.0,0.76703125,0.0,-36.7997,-89.63115,0.6002919,-36.50195,-89.53125,0.106015205,0.0027075254917144774,2733.0664558410645,190000
5.628643,-4.628643,4.628643,0.01358019,43.376396,1.0,-43.376396,1.0,0.67904013,0.0,-35.969124,-89.23669,0.9225743,-1.0519439,26.655718,0.7495167,-35.715706,-89.162834,0.08585465,5.658392,-4.658392,4.658392,0.025479788,41.362816,1.0,-41.362816,1.0,0.6993581,0.0,-37.066406,-89.95915,0.46362072,-36.76985,-89.85888,0.1042857,0.0026725308418273927,2746.42911696434,195000
5.630953,-4.630953,4.630953,0.014504072,42.311348,1.0,-42.311348,1.0,0.5849066,0.0,-36.841553,-90.17699,0.707466,-0.5085947,17.43136,0.6276778,-36.58924,-90.08385,0.07988386,5.6534343,-4.6534343,4.6534343,0.023496762,42.906086,1.0,-42.906086,1.0,0.8347855,0.0,-36.887917,-90.15691,0.51350087,-36.565884,-90.11826,0.13107592,0.0026825541496276854,2759.8418958187103,200000
5.6305876,-4.6305876,4.6305876,0.014357922,42.77809,1.0,-42.77809,1.0,0.5848859,0.0,-36.065666,-89.720856,0.87185806,-0.88867754,27.707912,0.48400182,-35.7897,-89.134,0.14703281,5.659978,-4.659978,4.659978,0.026114037,43.151432,1.0,-43.151432,1.0,0.8918046,0.0,-36.983765,-90.83735,0.61654925,-36.662853,-90.76436,0.15996039,0.19271859273910522,3723.434867143631,205000
5.630617,-4.630617,4.630617,0.014369751,42.020214,1.0,-42.020214,1.0,0.5702337,0.0,-36.73618,-89.397675,1.1448069,-1.2625971,31.364801,0.54569197,-36.399525,-89.27307,0.24499765,5.6609583,-4.6609583,4.6609583,0.02650618,44.027664,1.0,-44.027664,1.0,1.0062212,0.0,-36.36741,-89.98472,0.4447729,-36.090614,-89.92748,0.098286115,0.0026630764961242674,3736.7502562999725,210000
5.6275797,-4.6275797,4.6275797,0.013154867,42.868706,1.0,-42.868706,1.0,0.73204887,0.0,-34.62014,-88.70348,1.2327254,-1.2595118,33.956738,0.82066244,-34.356968,-88.761116,0.21256745,5.663001,-4.663001,4.663001,0.027323259,42.833374,1.0,-42.833374,1.0,1.1390291,0.0,-36.48682,-91.34959,0.9327714,-36.19435,-91.28065,0.26943657,0.002670261192321777,3750.101569414139,215000
5.6281514,-4.6281514,4.6281514,0.013383619,42.260303,1.0,-42.260303,1.0,0.63267267,0.0,-35.06127,-90.36992,0.43860948,-1.0450349,24.730167,0.35150704,-34.756218,-90.25628,0.118324175,5.6561193,-4.6561193,4.6561193,0.024570802,42.83646,1.0,-42.83646,1.0,0.64046216,0.0,-34.893185,-89.43865,0.54081094,-34.59871,-89.29495,0.19443277,0.0026600117683410643,3763.40163564682,220000
5.6297913,-4.629797,4.629797,0.014041838,43.09577,0.99999434,-43.095528,1.0,0.96135145,0.0,-37.095936,-89.67052,0.68870604,-1.3561363,21.334778,0.9077282,-36.81083,-89.556496,0.10149053,5.6564956,-4.6564956,4.6564956,0.024721129,42.199486,0.99999994,-42.199486,1.0,0.9343027,0.0,-35.700516,-90.124146,0.72106886,-35.426373,-90.01703,0.14265153,0.0026755449295043946,3776.7793684005737,225000
5.626278,-4.626278,4.626278,0.012634131,42.441875,1.0,-42.441875,1.0,0.56489694,0.0,-37.921867,-90.81247,2.2669513,-0.91321695,40.241295,0.6514817,-37.645428,-90.7439,0.074600205,5.656425,-4.656425,4.656425,0.024692954,43.054943,1.0,-43.054943,1.0,0.6360992,0.0,-36.14199,-90.170425,0.722218,-35.85939,-90.06003,0.14853111,0.0026646830558776854,3790.1027941703796,230000
5.6276054,-4.6276054,4.6276054,0.013165126,42.656467,1.0,-42.656467,1.0,0.88938135,0.0,-37.264572,-90.964645,0.8146288,-1.3196027,33.128777,0.5982938,-36.971317,-90.96035,0.120400146,5.667637,-4.667637,4.667637,0.029177738,44.153763,1.0,-44.153763,1.0,1.0362372,0.0,-38.064323,-91.88138,0.45034114,-37.755653,-91.78389,0.1727935,0.002672388792037964,3803.4647464752197,235000
5.6273866,-4.627387,4.627387,0.013077663,42.993656,0.9999995,-42.993637,1.0,0.5781987,0.0,-39.077675,-90.39658,0.8692781,-0.92758054,23.506664,0.45944506,-38.83185,-90.33629,0.08575669,5.6558056,-4.6558056,4.6558056,0.024445256,43.767075,1.0,-43.767075,1.0,1.322667,0.0,-36.6111,-90.25046,0.52152026,-36.253345,-90.02291,0.16555436,0.0026727097988128662,3816.8283026218414,240000
5.6296744,-4.629675,4.629675,0.01399295,42.471306,0.99999964,-42.47129,1.0,0.61111355,0.0,-37.80464,-91.23749,0.765625,-0.57325244,18.556208,0.40224427,-37.519085,-91.14262,0.070621684,5.6709256,-4.6709337,4.6709337,0.030496527,41.929825,0.99999195,-41.92949,1.0,0.5800663,0.0,-37.657516,-91.05362,0.62187004,-37.375923,-90.871925,0.16476905,0.0026615630149841307,3830.1361248493195,245000
5.6304064,-4.6304064,4.6304064,0.014285422,43.224995,1.0,-43.224995,1.0,0.8271463,0.0,-36.736145,-91.92941,2.586648,-1.3975765,46.54997,0.41372538,-36.44004,-91.85901,0.1332266,5.6565275,-4.6565275,4.6565275,0.024733864,42.790752,1.0,-42.790752,1.0,0.66612244,0.0,-37.808964,-91.61158,0.46363902,-37.5241,-91.514885,0.111212954,0.0026634366512298586,3843.4533157348633,250000
5.628981,-4.628981,4.628981,0.013715388,42.93827,0.99999994,-42.93827,1.0,0.87926877,0.0,-37.15827,-91.44967,0.6404603,-0.47467536,20.010742,0.5050175,-36.862587,-91.41499,0.16204432,5.658397,-4.6583977,4.6583977,0.025482088,43.12618,0.9999995,-43.12616,1.0,0.6443697,0.0,-37.13832,-92.02006,0.6276587,-36.88285,-91.864456,0.07480313,0.002674409055709839,3856.82536816597,255000
5.6276236,-4.6276236,4.6276236,0.0131724095,43.775833,1.0,-43.775833,1.0,0.5657462,0.0,-37.506344,-91.58918,0.5171553,-0.3788583,15.819873,0.4017791,-37.21986,-91.53603,0.109511055,5.662655,-4.662655,4.662655,0.027184898,44.38681,1.0,-44.38681,1.0,0.7110878,0.0,-37.638107,-90.87294,0.45685947,-37.332817,-90.754745,0.15945178,0.0026989458560943602,3870.3201048374176,260000
5.629241,-4.629241,4.629241,0.013819485,43.342575,1.0,-43.342575,1.0,0.47794765,0.0,-37.280376,-91.20641,0.71318316,-1.4907289,25.551018,0.5986142,-37.011917,-91.093,0.06413985,5.6612153,-4.6612153,4.6612153,0.026609058,44.11938,1.0,-44.11938,1.0,0.62537193,0.0,-36.35105,-91.392845,0.51996034,-36.06044,-91.22818,0.1140788,0.00266403489112854,3883.640286922455,265000
5.628148,-4.628148,4.628148,0.013382271,44.224148,0.99999994,-44.224148,1.0,1.0843158,0.0,-36.31275,-90.27907,0.81041956,-1.8855262,44.296295,0.78018713,-36.021645,-90.114944,0.1098125,5.668398,-4.668398,4.668398,0.029482156,42.521294,1.0,-42.521294,1.0,1.0063467,0.0,-36.478912,-91.01626,0.48712355,-36.20559,-90.9254,0.0933998,0.002670246410369873,3896.991527080536,270000
5.6284037,-4.6284037,4.6284037,0.013484512,44.12124,1.0,-44.12124,1.0,0.5261978,0.0,-36.201374,-90.99467,0.9367566,-0.41710237,19.987228,0.54632753,-35.944237,-90.91319,0.08602249,5.664996,-4.664996,4.664996,0.0281214,43.02459,1.0,-43.02459,1.0,0.6352896,0.0,-37.54834,-91.28792,0.5151641,-37.28766,-91.20321,0.08255213,0.0026790091037750246,3910.386579275131,275000
5.6268477,-4.6268477,4.6268477,0.012862043,44.348194,1.0,-44.348194,1.0,0.55918944,0.0,-37.705376,-91.82407,0.737273,-0.38172162,17.15058,0.68598086,-37.43464,-91.7126,0.07171491,5.6620126,-4.6620126,4.6620126,0.02692805,43.789772,1.0,-43.789772,1.0,0.7392995,0.0,-37.123062,-91.56413,0.7463221,-36.806156,-91.50232,0.077228494,0.0026469718933105468,3923.62144613266,280000
5.6275263,-4.6275263,4.6275263,0.01313332,42.956604,1.0,-42.956604,1.0,0.6409725,0.0,-38.526237,-90.9608,0.5536735,-1.0064706,25.107332,0.6181675,-38.270607,-90.81844,0.10215179,5.6556425,-4.6556425,4.6556425,0.024379829,43.59925,1.0,-43.59925,1.0,0.587055,0.0,-38.55396,-92.10494,0.7135058,-38.28797,-92.04786,0.10980665,0.0026700501918792727,3936.971704483032,285000
5.6282234,-4.6282234,4.6282234,0.013412355,43.34304,1.0,-43.34304,1.0,0.5487631,0.0,-38.44512,-90.308075,0.87189275,-0.37910607,20.525038,0.5457988,-38.158516,-90.16242,0.09575994,5.6637297,-4.6637297,4.6637297,0.027614761,43.232227,1.0,-43.232227,1.0,0.6285682,0.0,-38.0427,-91.64774,0.50590205,-37.761005,-91.63003,0.08176702,0.0026548399448394775,3950.245911359787,290000
5.6281548,-4.6281548,4.6281548,0.013384715,42.75281,1.0,-42.75281,1.0,0.6268208,0.0,-38.59427,-91.774956,1.32429,-0.6536861,32.005463,0.45472455,-38.309853,-91.69998,0.11313377,5.6621513,-4.6621513,4.6621513,0.026983514,42.59326,1.0,-42.59326,1.0,1.364006,0.0,-39.78816,-92.591484,0.44663543,-39.4337,-92.56667,0.17162353,0.0026599452972412107,3963.545646429062,295000
5.6259346,-4.625935,4.625935,0.012496983,43.006256,0.99999946,-43.006233,1.0,0.53965837,0.0,-36.407158,-91.375946,0.3519889,-0.2700895,15.417614,0.83139974,-36.11029,-91.29636,0.084786534,5.6640806,-4.6640806,4.6640806,0.027755285,42.943733,1.0,-42.943733,1.0,0.64415425,0.0,-38.55976,-91.605934,0.40323165,-38.25867,-91.55609,0.09923668,0.0026724427700042723,3976.907867908478,300000
5.627878,-4.627881,4.627881,0.013275325,43.030525,0.99999696,-43.030396,1.0,0.5218471,0.0,-38.334724,-91.25399,0.7554724,-0.6227843,21.474155,0.36922598,-38.043835,-91.18264,0.09787741,5.6715393,-4.6715393,4.6715393,0.030738652,43.65599,1.0,-43.65599,1.0,0.5759677,0.0,-38.14291,-91.104904,0.3195296,-37.88519,-90.98797,0.09292044,0.16757519307136537,4814.783840417862,305000
5.6257906,-4.6257906,4.6257906,0.012439097,42.71551,0.99999994,-42.71551,1.0,0.63483,0.0,-38.287323,-92.272064,1.252242,-0.5939002,24.237928,0.6181576,-37.987373,-92.1747,0.07814465,5.6500874,-4.6500883,4.6500883,0.022158211,43.953995,0.99999905,-43.953953,1.0,0.5227079,0.0,-34.72051,-91.81787,0.35717008,-34.453735,-91.835556,0.0842776,0.0027213568687438966,4828.390631914139,310000
5.6273704,-4.6273704,4.6273704,0.013071104,43.213715,1.0,-43.213715,1.0,0.5436061,0.0,-39.438538,-90.14173,0.919164,-1.1621776,25.979782,0.31621426,-39.16349,-90.07399,0.065819606,5.656829,-4.656829,4.656829,0.024854427,43.900253,1.0,-43.900253,1.0,0.5476082,0.0,-37.09651,-91.40243,0.6133083,-36.78604,-91.32611,0.13236268,0.002685129261016846,4841.81628537178,315000
5.626976,-4.626976,4.626976,0.012913485,43.47123,1.0,-43.47123,1.0,0.6470369,0.0,-37.30829,-91.710915,1.4281137,-1.0244727,27.670673,0.64620316,-37.006653,-91.338425,0.08636149,5.6612377,-4.6612377,4.6612377,0.026617905,43.975594,1.0,-43.975594,1.0,0.96293974,0.0,-37.212204,-92.397514,0.6720805,-36.969883,-92.32587,0.081925735,0.002692815589904785,4855.280370473862,320000
5.6273766,-4.6273766,4.6273766,0.013073574,44.372955,1.0,-44.372955,1.0,0.62033385,0.0,-38.608185,-92.03418,1.954473,-1.5573603,32.255234,0.9098267,-38.346085,-91.99282,0.08752374,5.66264,-4.66264,4.66264,0.027178979,44.041145,1.0,-44.041145,1.0,0.84517235,0.0,-37.85945,-92.43999,1.1065798,-37.592804,-92.31331,0.13634333,0.0027025922775268554,4868.793339014053,325000
5.6253853,-4.6253853,4.6253853,0.012276964,43.853325,1.0,-43.853325,1.0,0.4646211,0.0,-37.132835,-91.338936,0.48440415,-1.049009,21.267006,1.2135426,-36.834393,-91.27449,0.078835726,5.668907,-4.668907,4.668907,0.02968589,44.77304,1.0,-44.77304,1.0,0.84611714,0.0,-37.364033,-91.9759,1.1363953,-37.10208,-91.86216,0.1309905,0.0026697712898254393,4882.1422028541565,330000
5.6264753,-4.6264753,4.6264753,0.012713152,42.660496,1.0,-42.660496,1.0,0.43133375,0.0,-38.261192,-90.20873,0.2951215,-0.29187918,13.135447,0.5835975,-37.97377,-90.18003,0.11911608,5.665783,-4.665783,4.665783,0.028436244,42.64784,1.0,-42.64784,1.0,0.54285634,0.0,-40.34684,-92.64256,0.889554,-40.058125,-92.55224,0.106211625,0.002691243600845337,4895.598427534103,335000
5.62599,-4.62599,4.62599,0.012519076,42.98337,1.0,-42.98337,1.0,0.4722192,0.0,-38.78041,-91.98078,0.29318386,-0.6002865,15.138094,0.7827806,-38.48481,-91.80907,0.11730948,5.6680164,-4.6680164,4.6680164,0.02932964,44.384815,1.0,-44.384815,1.0,0.74234617,0.0,-36.464622,-90.98644,0.64352316,-36.18625,-90.96437,0.08951023,0.0027073001384735106,4909.134935617447,340000
5.627966,-4.627966,4.627966,0.013309312,43.18062,0.99999994,-43.18062,1.0,0.5535414,0.0,-37.82482,-92.28671,0.3636962,-1.3300813,18.198004,0.39115924,-37.581013,-92.27875,0.06973381,5.6538277,-4.6538277,4.6538277,0.023654133,43.969803,1.0,-43.969803,1.0,0.66661847,0.0,-37.27253,-91.953766,0.53871983,-36.983063,-91.99759,0.121811055,0.002698446464538574,4922.627174854279,345000
5.62906,-4.6290603,4.6290603,0.013747098,45.040565,0.9999993,-45.04053,1.0,0.50952727,0.0,-38.101955,-91.96172,0.4368784,-0.46727288,16.009443,0.47485954,-37.854103,-91.85183,0.07042955,5.6800714,-4.6800714,4.6800714,0.034151535,44.809105,1.0,-44.809105,1.0,0.6363617,0.0,-36.48657,-92.559135,0.3156101,-36.19338,-92.51051,0.110529214,0.0026915973663330078,4936.085168838501,350000
5.626485,-4.626485,4.626485,0.012716862,43.867325,1.0,-43.867325,1.0,0.62756735,0.0,-38.127586,-92.71683,1.1260672,-0.44696307,20.393202,0.44808996,-37.884537,-92.66444,0.078541994,5.6577473,-4.6577473,4.6577473,0.025222009,43.881073,1.0,-43.881073,1.0,0.6965225,0.0,-38.0579,-91.65523,0.49576932,-37.779144,-91.5507,0.10084407,0.0026976167678833007,4949.573260068893,355000
5.625915,-4.625915,4.625915,0.012488886,43.839638,1.0,-43.839638,1.0,0.6697107,0.0,-38.885647,-92.2069,0.69535476,-2.099536,33.656315,0.5716857,-38.592712,-92.215935,0.18319273,5.659356,-4.659356,4.659356,0.025865352,43.850517,1.0,-43.850517,1.0,0.8472752,0.0,-37.593895,-91.70911,0.37912458,-37.27471,-91.60978,0.119936265,0.0027013240814208984,4963.079887628555,360000
5.6262226,-4.6262236,4.6262236,0.012612211,44.525154,0.9999993,-44.525124,1.0,0.6386176,0.0,-40.251797,-92.6878,1.4254885,-0.6640887,23.515781,0.5163729,-39.957718,-92.54815,0.103552885,5.667907,-4.6679134,4.6679134,0.029288387,43.77342,0.999994,-43.773155,1.0,0.64642066,0.0,-37.68883,-91.43744,0.7136724,-37.359844,-91.3787,0.1373841,0.0027053818225860594,4976.606803894043,365000
5.6236362,-4.623639,4.623639,0.011578682,44.688667,0.99999714,-44.688538,1.0,0.5195312,0.0,-37.263947,-92.26987,0.37740183,-0.6031033,15.146767,1.0820966,-37.02877,-92.17375,0.07589512,5.6594777,-4.659479,4.659479,0.025914436,43.609234,0.9999985,-43.60917,1.0,0.4979666,0.0,-37.806145,-92.64098,0.34842712,-37.512543,-92.69078,0.11596474,0.002699678945541382,4990.105205774307,370000
5.6251545,-4.625159,4.625159,0.012186398,44.35692,0.99999577,-44.35673,1.0,0.67558146,0.0,-38.321453,-92.45136,1.2456467,-1.6626093,31.241392,0.45886242,-38.077408,-91.87199,0.08476321,5.6539574,-4.6539574,4.6539574,0.023705948,44.0226,1.0,-44.0226,1.0,0.48421013,0.0,-38.656197,-91.72009,0.49292076,-38.39489,-91.635475,0.108810216,0.00270560040473938,5003.633214712143,375000
5.6238885,-4.6238885,4.6238885,0.011678311,44.16748,1.0,-44.16748,1.0,0.46312279,0.0,-38.63236,-92.03596,1.8904977,-0.5424945,27.345575,0.38456655,-38.380375,-91.96977,0.0810684,5.6601725,-4.6601725,4.6601725,0.026191814,44.960815,0.99999994,-44.960815,1.0,0.6162176,0.0,-38.570312,-93.01392,0.4819618,-38.30536,-92.95796,0.10101834,0.002681002378463745,5017.0382335186005,380000
5.624875,-4.624877,4.624877,0.012073938,43.565693,0.9999983,-43.565617,1.0,0.63537854,0.0,-37.738823,-92.05238,1.3015633,-0.55848205,24.8731,0.4841897,-37.46298,-91.89544,0.10138018,5.6681685,-4.6681685,4.6681685,0.029390259,45.10205,1.0,-45.10205,1.0,0.75435054,0.0,-37.269524,-92.450134,0.45985156,-37.01981,-92.40062,0.09423823,0.002693818140029907,5030.507331371307,385000
5.626641,-4.626641,4.626641,0.012779305,43.59918,1.0,-43.59918,1.0,0.6225561,0.0,-37.25679,-92.55816,0.8546967,-1.4117596,29.405085,0.68296003,-36.97396,-92.448654,0.11266462,5.6706324,-4.6706324,4.6706324,0.030375976,44.574467,1.0,-44.574467,1.0,0.637606,0.0,-38.874626,-92.7321,0.727782,-38.593063,-92.68951,0.11634003,0.002694406795501709,5043.979372501373,390000
5.623703,-4.623703,4.623703,0.011604262,44.075363,1.0,-44.075363,1.0,0.41495895,0.0,-37.41227,-91.94089,0.3196693,-0.29348132,12.358505,0.6370253,-37.149994,-91.89584,0.066857435,5.6591034,-4.6591034,4.6591034,0.025764385,45.06202,1.0,-45.06202,1.0,0.59343064,0.0,-37.21231,-92.71204,0.59870476,-36.93368,-92.72171,0.12200503,0.002695442581176758,5057.456593036652,395000
5.6246834,-4.6246834,4.6246834,0.011996468,44.708836,1.0,-44.708836,1.0,1.1706187,0.0,-37.62726,-93.42071,2.0733268,-1.9936004,39.406387,0.77130735,-37.335533,-93.46613,0.14553691,5.671623,-4.671623,4.671623,0.030772313,43.56378,1.0,-43.56378,1.0,0.5479413,0.0,-37.6894,-90.809814,1.1870068,-37.4021,-90.71387,0.09415802,0.0026880860328674316,5070.897030591965,400000
5.623614,-4.623614,4.623614,0.011568545,44.09097,1.0,-44.09097,1.0,0.36521646,0.0,-38.793804,-92.77388,0.45520797,-0.53580797,14.962792,0.43781924,-38.54989,-92.72593,0.06789397,5.6657333,-4.6657333,4.6657333,0.02841623,45.1065,1.0,-45.1065,1.0,0.7505964,0.0,-37.896767,-92.926025,0.59816533,-37.57911,-92.82475,0.1736655,0.1833029529094696,5987.41180229187,405000
5.622148,-4.622151,4.622151,0.010983347,44.775505,0.9999973,-44.775383,1.0,0.5711949,0.0,-38.689903,-92.36151,0.550192,-0.8457673,20.70447,0.51844645,-38.43102,-92.32798,0.13530943,5.6638885,-4.663893,4.663893,0.027680343,44.14747,0.9999952,-44.147255,1.0,0.65642744,0.0,-37.97225,-91.938065,0.8441514,-37.731895,-91.88127,0.09952105,0.0026899984836578367,6000.861801862717,410000
5.6264215,-4.6264215,4.6264215,0.012691512,44.61712,1.0,-44.61712,1.0,0.4816758,0.0,-36.272835,-92.8234,0.525775,-0.7196921,17.178038,0.5494752,-36.038563,-92.73895,0.07538376,5.6552453,-4.6552467,4.6552467,0.024221495,43.4267,0.9999985,-43.426636,1.0,0.46519968,0.0,-40.090267,-92.82162,1.0607755,-39.739067,-92.70294,0.1774754,0.0026705140590667724,6014.2143795490265,415000
5.6253567,-4.6253567,4.6253567,0.012265566,45.450306,1.0,-45.450306,1.0,0.60347503,0.0,-36.53731,-91.43293,1.6891453,-1.2964035,29.528084,0.43776062,-36.29046,-91.363594,0.065833375,5.67294,-4.67294,4.67294,0.031298894,45.368446,1.0,-45.368446,1.0,2.0010417,0.0,-38.989258,-92.758286,0.5897536,-38.684845,-92.72155,0.1436927,0.00270502610206604,6027.739517211914,420000
5.6247077,-4.6247077,4.6247077,0.012006006,43.925217,1.0,-43.925217,1.0,0.41386935,0.0,-38.418194,-92.085945,0.49234608,-0.5088291,14.335503,0.5494168,-38.171894,-92.044044,0.065900475,5.6740007,-4.6740007,4.6740007,0.0317232,43.93338,1.0,-43.93338,1.0,0.734927,0.0,-35.908066,-92.80549,0.36754048,-35.60164,-92.86556,0.1420559,0.0026884356498718264,6041.181702375412,425000
5.6250715,-4.6250715,4.6250715,0.012151456,44.52529,1.0,-44.52529,1.0,0.5195681,0.0,-38.06859,-93.08659,0.40966833,-0.684666,18.480846,0.526953,-37.77915,-93.01869,0.17564523,5.6603036,-4.6603065,4.6603065,0.026245562,44.297398,0.9999971,-44.297268,1.0,0.6948556,0.0,-38.12487,-93.663666,0.5101596,-37.863293,-93.830536,0.098061875,0.002689918518066406,6054.631302118301,430000
5.6241074,-4.6241074,4.6241074,0.011765845,45.139153,1.0,-45.139153,1.0,0.62566936,0.0,-37.63801,-92.389046,1.4824396,-1.4344621,26.099365,0.4413387,-37.348286,-92.40958,0.17384171,5.6529365,-4.6529365,4.6529365,0.02329752,43.728653,1.0,-43.728653,1.0,0.5835159,0.0,-39.374275,-91.94171,0.39197993,-39.09858,-91.855995,0.09796571,0.002684087610244751,6068.051747083664,435000
5.624318,-4.624318,4.624318,0.011850019,43.745537,1.0,-43.745537,1.0,0.53944445,0.0,-37.135414,-91.65734,1.9251134,-1.3537451,23.62584,0.714201,-36.86187,-91.57066,0.13594528,5.6707106,-4.6707106,4.6707106,0.030407188,44.964058,1.0,-44.964058,1.0,0.69298726,0.0,-39.411217,-92.37738,1.0514497,-39.12148,-92.35974,0.29925478,0.0026816794395446777,6081.460151195526,440000
5.6252656,-4.625266,4.625266,0.012229428,44.486176,0.99999964,-44.48616,1.0,0.46580088,0.0,-37.881336,-92.99354,0.28364643,-0.4373147,13.638934,0.41675067,-37.586266,-92.991196,0.11667061,5.6731,-4.6731,4.6731,0.031362962,44.146286,1.0,-44.146286,1.0,0.5130797,0.0,-36.749615,-92.688446,0.38365218,-36.49491,-92.63042,0.076829925,0.0026948511600494384,6094.934414148331,445000
5.625085,-4.625085,4.625085,0.012157018,43.231308,0.99999994,-43.231308,1.0,1.4669414,0.0,-38.88775,-92.73834,2.384764,-6.225382,60.418655,0.35890985,-38.58777,-92.67579,0.15615118,5.661226,-4.661226,4.661226,0.026613364,45.090202,1.0,-45.090202,1.0,0.57112145,0.0,-36.94455,-91.09814,0.31245863,-36.68611,-91.11012,0.09842861,0.0026893845081329346,6108.381344795227,450000
5.6236,-4.6236,4.6236,0.011562875,43.87375,1.0,-43.87375,1.0,0.39827216,0.0,-39.27609,-92.66409,0.45686454,-0.6225955,20.808172,0.5467096,-39.03277,-92.65378,0.09238766,5.6511145,-4.6511145,4.6511145,0.022568677,45.698296,1.0,-45.698296,1.0,0.5337534,0.0,-36.98506,-92.75087,0.503428,-36.721024,-92.67608,0.1325579,0.002696103048324585,6121.8618676662445,455000
5.625098,-4.625098,4.625098,0.012162137,45.480663,0.99999994,-45.480663,1.0,0.4498421,0.0,-38.15835,-92.423096,0.76930964,-0.35756946,16.79942,0.4384777,-37.90856,-92.3497,0.101043954,5.6562223,-4.6562386,4.6562386,0.0246185,45.182144,0.999984,-45.181423,1.0,0.5428227,0.0,-38.41561,-92.83031,0.6754354,-38.17205,-92.74264,0.100815,0.002668065881729126,6135.202203989029,460000
5.6274424,-4.6274424,4.6274424,0.013099903,43.71601,1.0,-43.71601,1.0,0.7788819,0.0,-39.0999,-91.59447,8.398673,-5.569306,89.25702,0.70938206,-38.845608,-91.50992,0.0748914,5.671018,-4.671018,4.671018,0.03053022,45.22357,1.0,-45.22357,1.0,0.6611396,0.0,-37.17977,-92.91053,0.32292032,-36.90804,-92.75311,0.0998131,0.002673046350479126,6148.5674431324005,465000
5.6250277,-4.6250277,4.6250277,0.012133972,43.477875,1.0,-43.477875,1.0,1.2664568,0.0,-37.87461,-92.70703,7.511061,-3.0271103,81.29915,0.63488555,-37.59031,-92.47907,0.17556523,5.6635084,-4.663513,4.663513,0.027528187,44.38434,0.99999535,-44.384132,1.0,0.6119015,0.0,-37.474876,-92.72009,0.46650803,-37.157814,-92.59647,0.1945197,0.0027050841331481934,6162.092870950699,470000
5.62266,-4.62266,4.62266,0.011186953,43.969276,1.0,-43.969276,1.0,0.80150545,0.0,-38.048218,-92.91176,2.870823,-0.6129818,42.945107,0.7680689,-37.781006,-92.65424,0.11135125,5.6672173,-4.667223,4.667223,0.029012296,43.321213,0.9999943,-43.320965,1.0,0.6543111,0.0,-37.93629,-93.965935,0.8728582,-37.643967,-93.96819,0.17629445,0.0026914170265197753,6175.549963474274,475000
5.6232986,-4.6232986,4.6232986,0.011442447,44.663517,1.0,-44.663517,1.0,0.48393887,0.0,-38.909233,-92.708405,0.3826746,-0.6283363,15.830265,0.4044935,-38.640934,-92.59338,0.11458233,5.6682487,-4.6682487,4.6682487,0.02942243,45.14653,0.99999994,-45.14653,1.0,0.49612123,0.0,-40.010544,-92.33296,0.4183617,-39.776016,-92.30274,0.084114,0.0026807657718658446,6188.953799009323,480000
5.625366,-4.625366,4.625366,0.012269519,44.25635,1.0,-44.25635,1.0,0.67825085,0.0,-39.13726,-92.56619,1.3594179,-0.6313142,20.36297,0.5701134,-38.89041,-92.45264,0.09135415,5.661949,-4.661949,4.661949,0.026902659,44.880966,1.0,-44.880966,1.0,0.44793475,0.0,-37.83026,-93.281525,0.48548925,-37.548206,-93.17106,0.089998394,0.0026701539039611817,6202.304575443268,485000
5.625743,-4.625743,4.625743,0.012419977,44.293167,1.0,-44.293167,1.0,0.45171988,0.0,-37.166832,-92.42901,0.56185013,-1.4194851,19.224182,0.4420797,-36.936546,-92.40078,0.06741183,5.661449,-4.661449,4.661449,0.026702477,45.113014,1.0,-45.113014,1.0,0.4372577,0.0,-37.326187,-92.10147,0.5391573,-37.05946,-91.972534,0.09677481,0.0026674779415130617,6215.641972541809,490000
5.624755,-4.624755,4.624755,0.012024916,43.873474,1.0,-43.873474,1.0,0.6615198,0.0,-38.421932,-92.561714,2.1812925,-2.132126,28.116344,0.3471818,-38.14924,-92.58984,0.08722407,5.6627884,-4.6627884,4.6627884,0.027238334,44.020546,1.0,-44.020546,1.0,0.43054062,0.0,-38.294804,-92.92856,0.7794269,-38.03819,-92.74589,0.093032286,0.0027465202808380127,6229.3745810985565,495000
5.6244383,-4.6244383,4.6244383,0.0118983155,44.71925,1.0,-44.71925,1.0,0.7856754,0.0,-37.86998,-92.162575,0.4225318,-0.9965632,19.852657,0.7041246,-37.63157,-92.07009,0.061610058,5.6600823,-4.6600823,4.6600823,0.026155889,44.135277,1.0,-44.135277,1.0,0.59241986,0.0,-37.353695,-92.72659,0.47977263,-37.084137,-92.751816,0.15704378,0.002711420154571533,6242.931689023972,500000
5.624504,-4.6245065,4.6245065,0.011925581,43.47947,0.9999974,-43.479355,1.0,0.78332204,0.0,-36.19348,-92.697784,1.7594762,-0.55166656,24.54371,0.59182763,-35.89982,-93.255295,0.113295764,5.667643,-4.667644,4.667644,0.029180592,44.071106,0.9999992,-44.07107,1.0,0.902071,0.0,-38.818493,-93.36481,0.26768455,-38.523766,-93.32562,0.14170507,0.18325980277061463,7159.2307114601135,505000
5.6236296,-4.6236353,4.6236353,0.011576891,43.427437,0.9999942,-43.427185,1.0,0.42071265,0.0,-38.874744,-93.004005,0.3058922,-0.5122863,12.9987755,0.321876,-38.62226,-92.85364,0.06917529,5.6573014,-4.657302,4.657302,0.025043765,43.998055,0.9999994,-43.998024,1.0,0.45857948,0.0,-36.6183,-93.48577,0.40755892,-36.35388,-93.47679,0.0986187,0.002719566297531128,7172.828549861908,510000
5.625042,-4.625042,4.625042,0.01213981,44.0355,1.0,-44.0355,1.0,0.480432,0.0,-38.82016,-93.61979,0.50285554,-0.3015141,15.37728,0.7364006,-38.606,-93.616135,0.058863938,5.651616,-4.651616,4.651616,0.022769256,45.10855,1.0,-45.10855,1.0,0.6392342,0.0,-37.4171,-92.36212,0.6364727,-37.13684,-92.208954,0.13736671,0.002708471632003784,7186.370914697647,515000
5.624354,-4.624356,4.624356,0.011865328,44.491558,0.9999979,-44.491467,1.0,0.56461394,0.0,-40.81186,-91.48523,2.3220296,-1.0451028,32.233917,0.51950586,-40.51815,-91.418205,0.102518514,5.665765,-4.665765,4.665765,0.028429037,44.94352,1.0,-44.94352,1.0,0.5758916,0.0,-38.57556,-92.92913,0.49699986,-38.31712,-92.848335,0.13241409,0.0027086474418640135,7199.914159297943,520000
5.6240005,-4.624001,4.624001,0.01172334,45.271072,0.99999934,-45.27104,1.0,0.4310403,0.0,-39.33291,-92.85526,0.60545665,-0.35777336,13.671007,0.54922444,-39.069336,-92.80786,0.081226364,5.6668453,-4.6668453,4.6668453,0.028860992,44.50627,1.0,-44.50627,1.0,0.4595967,0.0,-38.132202,-93.29817,0.7525611,-37.8419,-93.285255,0.123383,0.0026848278045654298,7213.338305711746,525000
5.6234593,-4.6234593,4.6234593,0.011506758,44.949123,0.99999994,-44.949123,1.0,0.48644,0.0,-38.66459,-92.880226,0.22816911,-0.821724,17.60009,0.4635941,-38.40992,-92.88638,0.08157701,5.663706,-4.663706,4.663706,0.027605295,44.04619,1.0,-44.04619,1.0,0.5617982,0.0,-38.18512,-92.96573,0.42145023,-37.908768,-92.883286,0.10576199,0.0027239811420440674,7226.95821928978,530000
5.6235456,-4.6235456,4.6235456,0.011541185,44.391846,1.0,-44.391846,1.0,0.60369194,0.0,-39.12844,-93.48928,0.85260296,-1.4915762,22.011513,0.5208124,-38.881145,-93.38066,0.0844972,5.66693,-4.66693,4.66693,0.028895194,45.868668,1.0,-45.868668,1.0,0.5543002,0.0,-38.96205,-93.67563,0.7362993,-38.6905,-93.58515,0.11679692,0.002702446413040161,7240.470458030701,535000
5.6216373,-4.6216373,4.6216373,0.010777977,44.36449,1.0,-44.36449,1.0,0.7819017,0.0,-38.219063,-93.42707,3.279007,-0.6826994,41.40599,0.36878297,-37.968964,-93.62141,0.13755912,5.6666555,-4.6666555,4.6666555,0.028785085,45.157257,1.0,-45.157257,1.0,0.77853245,0.0,-36.827232,-93.02198,0.36741245,-36.53692,-92.93584,0.20183416,0.0026812320709228518,7253.876625537872,540000
5.622785,-4.622785,4.622785,0.011237047,44.14672,1.0,-44.14672,1.0,0.63651484,0.0,-39.172836,-93.590126,0.67434865,-3.5058122,38.250706,0.49612057,-38.918255,-93.58452,0.06519103,5.6734915,-4.6734915,4.6734915,0.031519376,44.38987,1.0,-44.38987,1.0,0.5865031,0.0,-36.987297,-93.85924,0.7386711,-36.729927,-93.62142,0.07219134,0.0026750722408294676,7267.251993656158,545000
5.6233835,-4.6233835,4.6233835,0.01147637,45.008415,1.0,-45.008415,1.0,0.5783661,0.0,-38.272835,-92.34429,1.8703709,-0.5025431,24.273752,0.6403286,-37.99061,-92.288994,0.14465894,5.6785145,-4.6785145,4.6785145,0.03352867,44.89931,0.99999994,-44.89931,1.0,0.5624279,0.0,-37.833378,-93.31613,0.556877,-37.55802,-93.229126,0.15307719,0.002688150119781494,7280.692751407623,550000
5.6211643,-4.6211643,4.6211643,0.010588548,45.662132,1.0,-45.662132,1.0,0.5661162,0.0,-40.52569,-93.0883,0.45889607,-1.7561653,26.883848,0.5167812,-40.281425,-93.05278,0.08272387,5.6729684,-4.6729684,4.6729684,0.031310327,44.69896,1.0,-44.69896,1.0,0.47360092,0.0,-37.84269,-93.03243,0.6112653,-37.589535,-92.93244,0.08317539,0.002697627639770508,7294.1808977127075,555000
5.623647,-4.623647,4.623647,0.01158177,44.270226,1.0,-44.270226,1.0,1.2147639,0.0,-36.252823,-93.03065,3.5043452,-3.4014108,61.02449,1.005548,-36.027435,-92.971344,0.07538099,5.6724844,-4.6724854,4.6724854,0.03111726,44.958687,0.99999917,-44.95865,1.0,0.9343164,0.0,-40.817146,-93.26028,0.56102484,-40.556526,-93.42581,0.09200303,0.0027431830406188964,7307.896821022034,560000
5.6251125,-4.6251144,4.6251144,0.012168641,44.670685,0.99999833,-44.67061,1.0,0.48148677,0.0,-39.640175,-92.8393,2.5278006,-1.5556507,31.285006,0.33709204,-39.38138,-92.64603,0.06307267,5.6700363,-4.6700363,4.6700363,0.030137384,45.03969,1.0,-45.03969,1.0,0.6311731,0.0,-38.525658,-92.528984,0.4895376,-38.19895,-92.43665,0.15456253,0.0027692731380462646,7321.743193626404,565000
5.622964,-4.622964,4.622964,0.0113084875,43.88772,1.0,-43.88772,1.0,0.7818186,0.0,-40.09278,-93.091484,1.6650915,-1.9185617,39.576904,0.4612593,-39.80703,-93.05913,0.10868299,5.6681647,-4.668167,4.668167,0.029389804,45.113464,0.9999975,-45.11335,1.0,0.69031113,0.0,-37.043114,-93.79308,0.39580697,-36.800606,-93.74062,0.09473551,0.0026967432498931883,7335.2269167900085,570000
5.6232595,-4.623265,4.623265,0.011428791,44.75717,0.9999948,-44.75694,1.0,0.4003628,0.0,-38.505333,-92.506134,0.4384151,-1.3975137,17.805557,0.5554303,-38.296547,-92.39259,0.08370489,5.6702127,-4.6702127,4.6702127,0.030208174,45.202705,1.0,-45.202705,1.0,0.6497266,0.0,-38.41743,-93.32978,0.9394926,-38.107964,-93.37162,0.13303827,0.00269207558631897,7348.687303066254,575000
5.6226263,-4.6226277,4.6226277,0.0111739505,45.135002,0.9999987,-45.13494,1.0,0.58321357,0.0,-37.061325,-93.618385,0.9783274,-1.3761693,24.13377,0.8303753,-36.8023,-93.54465,0.09510489,5.6591687,-4.6591687,4.6591687,0.025790352,44.424984,1.0,-44.424984,1.0,1.1411922,0.0,-38.245438,-93.48168,0.9067845,-37.9353,-93.46881,0.14303553,0.0026861983776092528,7362.118301868439,580000
5.624026,-4.624026,4.624026,0.011733271,44.531174,1.0,-44.531174,1.0,0.45031074,0.0,-39.088036,-93.129295,0.30714288,-0.42361742,13.74117,0.6572536,-38.82089,-93.021935,0.08636627,5.672705,-4.6727066,4.6727066,0.031205703,44.339294,0.9999986,-44.339233,1.0,0.57928467,0.0,-37.179478,-94.15319,0.5007265,-36.920628,-94.108574,0.10775033,0.002700769758224487,7375.6221578121185,585000
5.623481,-4.623481,4.623481,0.011515259,44.85765,1.0,-44.85765,1.0,0.46265498,0.0,-38.73419,-92.96698,0.46000034,-2.3230782,32.65872,0.7256195,-38.465717,-92.66711,0.1787008,5.6619534,-4.6619534,4.6619534,0.026904333,45.30867,1.0,-45.30867,1.0,0.46545938,0.0,-39.82608,-93.51491,0.582559,-39.55208,-93.3957,0.09804736,0.002706043720245361,7389.152383565903,590000
5.6226897,-4.622693,4.622693,0.011200281,45.24822,0.9999967,-45.24807,1.0,0.44538903,0.0,-38.535713,-92.09946,0.28469694,-1.2595745,18.395515,0.4335583,-38.245003,-92.028015,0.09627822,5.6579127,-4.6579156,4.6579156,0.025289087,44.956787,0.9999971,-44.956657,1.0,0.4832486,0.0,-38.54244,-93.71131,0.4666559,-38.269432,-93.64235,0.09521849,0.0027158504009246825,7402.7316427230835,595000
5.6249037,-4.6249037,4.6249037,0.012084345,44.76377,1.0,-44.76377,1.0,0.62036496,0.0,-39.140144,-94.51052,1.2409528,-2.9757705,36.1419,0.41256893,-38.916313,-94.40969,0.08535008,5.6659555,-4.6659555,4.6659555,0.028505294,45.700478,1.0,-45.700478,1.0,0.71354246,0.0,-39.77484,-92.394066,0.4166101,-39.539207,-92.33916,0.08975573,0.0027015841960906983,7416.239572048187,600000
5.624023,-4.624023,4.624023,0.011732219,44.61678,0.99999994,-44.61678,1.0,0.3813053,0.0,-39.689884,-93.303856,0.5765604,-0.28436226,12.0564375,0.66820204,-39.460415,-93.21055,0.061042298,5.653891,-4.6539063,4.6539063,0.02368546,46.16121,0.9999847,-46.1605,1.0,0.43492347,0.0,-38.962814,-93.05276,0.37408394,-38.701714,-92.898636,0.08151489,0.17923984627723694,8312.43881034851,605000
5.623272,-4.6232734,4.6232734,0.011432244,42.545773,0.99999845,-42.545704,1.0,0.4930949,0.0,-37.768158,-93.938484,1.731556,-0.9384121,41.032715,0.5335263,-37.507717,-93.92027,0.14785525,5.672841,-4.672841,4.672841,0.031259514,45.183548,1.0,-45.183548,1.0,0.69588673,0.0,-37.23589,-93.21107,0.9017163,-36.977367,-93.14033,0.12507392,0.0027082767486572264,8325.980201482773,610000
5.622772,-4.622772,4.622772,0.011231768,45.354046,1.0,-45.354046,1.0,0.76057833,0.0,-39.40287,-92.782036,0.46812192,-2.4832358,34.86577,1.2738365,-39.14164,-92.6947,0.11251888,5.67521,-4.67521,4.67521,0.03220695,45.343372,1.0,-45.343372,1.0,0.5874598,0.0,-37.293762,-93.092445,0.60438275,-37.045372,-93.006,0.07744294,0.0027219471454620362,8339.589945077896,615000
5.623481,-4.623481,4.623481,0.011515393,44.73863,1.0,-44.73863,1.0,0.7795955,0.0,-40.036503,-92.97644,3.6304405,-1.0099903,50.238556,0.41732833,-39.795322,-92.88342,0.09075193,5.6614776,-4.6614776,4.6614776,0.026714036,44.481445,0.99999994,-44.481445,1.0,0.84465593,0.0,-39.10061,-93.09725,0.858652,-38.78942,-92.94044,0.17829888,0.002694544792175293,8353.06267619133,620000
5.624261,-4.624261,4.624261,0.011827347,44.25575,1.0,-44.25575,1.0,0.5691714,0.0,-38.335533,-93.30453,0.76573324,-0.39515287,15.358761,0.3879282,-38.034325,-93.20018,0.14563571,5.6673665,-4.6673665,4.6673665,0.029069547,45.754482,0.99999994,-45.754482,1.0,0.7150032,0.0,-38.252167,-93.62114,0.6663177,-37.963722,-93.583,0.1828464,0.002708430290222168,8366.604834794998,625000
5.624256,-4.624256,4.624256,0.011825303,45.381683,1.0,-45.381683,1.0,0.79990155,0.0,-38.0675,-93.07508,3.1961923,-0.56151277,35.035744,0.42235094,-37.83553,-93.11237,0.11863673,5.676605,-4.676606,4.676606,0.032765444,46.113365,0.99999887,-46.11331,1.0,0.5109712,0.0,-36.91029,-93.600685,0.6289593,-36.631138,-93.602516,0.16098638,0.002695908069610596,8380.084382534027,630000
5.6237636,-4.623766,4.623766,0.011629297,44.199245,0.99999756,-44.19914,1.0,0.547452,0.0,-38.32517,-93.50065,0.4512453,-1.9758886,29.173603,0.8546207,-38.06621,-93.37425,0.07522288,5.6603956,-4.6603956,4.6603956,0.026281072,45.988686,1.0,-45.988686,1.0,0.9097824,0.0,-38.874905,-93.04832,0.3952911,-38.60211,-92.98365,0.16523494,0.0027027466297149657,8393.59812283516,635000
5.6223354,-4.6223354,4.6223354,0.011057219,45.00682,1.0,-45.00682,1.0,0.43712765,0.0,-38.962868,-93.76121,0.3276606,-0.40955907,19.540264,0.7120808,-38.712204,-93.6821,0.080413535,5.665816,-4.665816,4.665816,0.02844922,44.90451,1.0,-44.90451,1.0,0.55792713,0.0,-38.5519,-93.69328,0.5799245,-38.273357,-93.57659,0.19580048,0.0027098510265350343,8407.147386312485,640000
5.6227684,-4.6227684,4.6227684,0.0112303905,45.987312,1.0,-45.987312,1.0,1.6311817,0.0,-38.3182,-94.35024,0.4278195,-1.3500605,18.898079,0.86417437,-38.046684,-94.26029,0.09505981,5.6862097,-4.6862097,4.6862097,0.036606666,45.08602,1.0,-45.08602,1.0,0.68933576,0.0,-38.25927,-93.957085,0.67045677,-37.983547,-93.8874,0.11424252,0.002702030038833618,8420.657545089722,645000
5.62311,-4.62311,4.62311,0.011366972,43.93505,1.0,-43.93505,1.0,0.49455294,0.0,-38.634644,-94.07554,1.6742225,-0.6608363,24.408167,0.3333726,-38.405434,-93.99735,0.08469033,5.670458,-4.670458,4.670458,0.030306,44.6003,1.0,-44.6003,1.0,0.6317279,0.0,-37.317635,-93.95946,0.29427382,-37.077927,-93.46001,0.1181348,0.0028494696617126464,8434.90490078926,650000
5.621797,-4.621798,4.621798,0.010842065,45.22116,0.99999917,-45.221123,1.0,0.30868763,0.0,-39.73301,-93.59412,0.39340228,-0.49991792,11.199479,0.5676669,-39.535477,-93.49076,0.052652195,5.678464,-4.678464,4.678464,0.03350838,45.262856,1.0,-45.262856,1.0,0.5963405,0.0,-38.86112,-93.053024,0.43795115,-38.59079,-92.95396,0.10525058,0.0027327518463134766,8448.568668842316,655000
5.622498,-4.622498,4.622498,0.011122186,45.677223,1.0,-45.677223,1.0,0.374267,0.0,-39.982094,-93.89492,0.4039685,-0.830511,17.622732,0.305784,-39.737587,-93.79472,0.11898102,5.6723003,-4.6723003,4.6723003,0.031043246,45.605072,1.0,-45.605072,1.0,0.8216263,0.0,-37.63183,-92.76335,0.33555484,-37.38261,-92.76615,0.1031653,0.0027167885780334474,8462.152618646622,660000
5.624647,-4.624647,4.624647,0.011981703,44.79713,1.0,-44.79713,1.0,0.4223367,0.0,-39.980507,-93.57898,0.5041545,-0.2071755,13.610569,0.3158626,-39.740147,-93.4788,0.068614416,5.66807,-4.6680737,4.6680737,0.029352415,45.849518,0.99999595,-45.849335,1.0,0.7248941,0.0,-40.520767,-94.00501,0.67135066,-40.253166,-93.94109,0.10923976,0.002738872241973877,8475.84698677063,665000
5.621639,-4.621639,4.621639,0.010778504,45.407513,1.0,-45.407513,1.0,0.54226756,0.0,-37.85058,-94.552605,2.3790553,-1.1991812,28.833103,0.35572192,-37.6233,-94.5108,0.07785432,5.6593776,-4.6593776,4.6593776,0.02587381,45.554104,1.0,-45.554104,1.0,0.58889484,0.0,-38.540283,-93.87069,0.3921366,-38.282757,-93.820984,0.10982147,0.0026931077003479005,8489.312532186508,670000
5.623554,-4.623554,4.623554,0.011544735,44.74241,1.0,-44.74241,1.0,0.44512326,0.0,-38.931747,-93.84068,2.3388166,-0.42185575,31.714428,0.4081049,-38.702126,-93.87309,0.08015878,5.675848,-4.675848,4.675848,0.032462288,45.461864,0.99999994,-45.461864,1.0,0.6012248,0.0,-40.181587,-93.683174,0.6131141,-39.889057,-93.64536,0.1368339,0.0027280940055847166,8502.953009605408,675000
5.622632,-4.622632,4.622632,0.011175645,45.79595,0.99999994,-45.79595,1.0,0.41906053,0.0,-39.11149,-93.67691,0.45401922,-0.692253,13.157164,0.47619897,-38.875725,-93.55928,0.06557079,5.665796,-4.6657963,4.6657963,0.028441453,44.890648,0.9999995,-44.890625,1.0,0.49973524,0.0,-36.87504,-93.35997,0.5317948,-36.61206,-93.27899,0.10588673,0.002724041986465454,8516.573226690292,680000
5.622666,-4.622666,4.622666,0.011189206,45.658134,1.0,-45.658134,1.0,0.61254275,0.0,-37.976654,-92.48877,1.4785662,-2.480206,32.908524,0.538362,-37.730522,-92.30455,0.064817354,5.665015,-4.665015,4.665015,0.028129136,45.79695,1.0,-45.79695,1.0,0.8521901,0.0,-38.653862,-92.55582,0.33514026,-38.404755,-92.44418,0.10623248,0.0027105152606964112,8530.125810146332,685000
5.621936,-4.621936,4.621936,0.010897375,45.375893,1.0,-45.375893,1.0,0.7931646,0.0,-38.441154,-92.983574,2.2372856,-5.288586,48.771736,1.0093454,-38.17056,-92.86912,0.08552012,5.6668177,-4.6668177,4.6668177,0.028850023,46.253895,1.0000001,-46.253895,1.0,1.3560091,0.0,-38.16771,-93.896645,0.61124504,-37.905205,-93.820786,0.13425624,0.0027336243629455565,8543.793940782547,690000
5.6219544,-4.621955,4.621955,0.010904764,44.647156,0.9999997,-44.64714,1.0,0.42091408,0.0,-40.555183,-94.58427,1.5140986,-0.36359227,17.332447,0.66444683,-40.281563,-94.45786,0.11073479,5.6712227,-4.6712227,4.6712227,0.030612081,45.6509,1.0,-45.6509,1.0,0.46300966,0.0,-38.544434,-92.34608,0.4350467,-38.2873,-92.25375,0.09415294,0.0027155390739440916,8557.371643304825,695000
5.62337,-4.62337,4.62337,0.011471047,44.426872,0.99999994,-44.426872,1.0,0.58064103,0.0,-40.461334,-93.222626,0.39175764,-1.5605627,26.088951,0.49578798,-40.188347,-93.21121,0.091053516,5.6778803,-4.6778803,4.6778803,0.033275094,45.602238,1.0,-45.602238,1.0,1.0805838,0.0,-37.565033,-93.51058,0.5096558,-37.288498,-93.45883,0.09199114,0.00272430682182312,8570.993184566498,700000
5.6227903,-4.6227903,4.6227903,0.011239201,46.219727,1.0,-46.219727,1.0,0.6936282,0.0,-39.211563,-93.646255,1.879879,-3.1105652,39.88376,0.5646188,-38.955315,-93.58917,0.08319595,5.671693,-4.671693,4.671693,0.03079996,45.341457,1.0,-45.341457,1.0,0.99663174,0.0,-39.4859,-93.48398,0.43162453,-39.239143,-93.40162,0.11934543,0.1668689649105072,9405.338023424149,705000
5.622382,-4.6223855,4.6223855,0.011077031,45.05625,0.9999968,-45.056107,1.0,1.0027559,0.0,-37.174973,-94.460495,2.561613,-0.86475056,33.428413,0.54686636,-36.95108,-94.37117,0.08868044,5.6676087,-4.667611,4.667611,0.02916745,44.2854,0.9999978,-44.2853,1.0,0.5510237,0.0,-38.273502,-93.98694,0.57803035,-38.036842,-93.927246,0.123082966,0.002720985412597656,9418.942958116531,710000
5.623227,-4.623227,4.623227,0.011413889,44.360405,1.0,-44.360405,1.0,0.64543784,0.0,-40.276592,-92.26378,0.8601589,-3.3420186,40.290527,0.37589785,-39.980637,-92.177246,0.13170673,5.6608152,-4.6608152,4.6608152,0.026449203,45.470734,1.0,-45.470734,1.0,0.7530936,0.0,-38.956375,-93.90567,0.45556435,-38.697285,-93.89058,0.1424077,0.002723118495941162,9432.558559179306,715000
5.62223,-4.6222305,4.6222305,0.011015122,46.099747,0.9999997,-46.09973,1.0,0.7661942,0.0,-38.69834,-93.792,4.5421185,-6.1929655,68.17888,0.53225005,-38.414627,-93.71478,0.24838695,5.6680565,-4.6680613,4.6680613,0.029347463,44.943405,0.99999535,-44.943195,1.0,0.5741741,0.0,-39.771553,-93.34893,0.50428337,-39.52633,-93.23795,0.105958216,0.0027345020294189453,9446.231076478958,720000
5.6206684,-4.6206684,4.6206684,0.010390379,45.26109,1.0,-45.26109,1.0,0.38916942,0.0,-39.784634,-93.49447,0.20287336,-0.99108887,14.316651,0.5021596,-39.55316,-93.42173,0.06423183,5.66377,-4.66377,4.66377,0.027631028,44.93239,1.0,-44.93239,1.0,0.4223015,0.0,-37.88182,-93.86217,0.42266494,-37.58586,-93.80286,0.13168654,0.002713903093338013,9459.800599098206,725000
5.622439,-4.6224394,4.6224394,0.011098695,45.154465,0.9999994,-45.154438,1.0,0.41263258,0.0,-38.070633,-92.517395,0.8526999,-0.5101966,18.019314,0.40986866,-37.858883,-92.48189,0.05370422,5.670813,-4.670816,4.670816,0.030449396,45.304993,0.99999714,-45.304863,1.0,0.49715585,0.0,-38.92104,-93.49588,0.47586876,-38.675957,-93.439545,0.09633927,0.002725367498397827,9473.427443742752,730000
5.6220922,-4.6220922,4.6220922,0.010959759,45.479645,1.0,-45.479645,1.0,0.5623967,0.0,-38.0138,-93.821144,1.7051098,-0.5500342,25.211945,0.3328747,-37.79339,-93.759346,0.09769628,5.675126,-4.675128,4.675128,0.03217405,45.656815,0.99999803,-45.656727,1.0,0.5567843,0.0,-38.59019,-93.943596,0.6620044,-38.369923,-93.8701,0.08730661,0.002711446714401245,9486.984684705734,735000
5.6224475,-4.6224475,4.6224475,0.011101916,45.92047,1.0,-45.92047,1.0,0.73255205,0.0,-39.62497,-93.62064,1.7469364,-0.9562384,31.378092,0.5602045,-39.386223,-93.62554,0.084345624,5.6596866,-4.6596866,4.6596866,0.025997644,45.38355,1.0,-45.38355,1.0,0.7429105,0.0,-38.046913,-93.77831,0.39731592,-37.80554,-93.73744,0.11813626,0.002708453941345215,9500.526963233948,740000
5.6232743,-4.6232743,4.6232743,0.01143259,46.04871,1.0,-46.04871,1.0,0.43996462,0.0,-38.714195,-93.46402,0.42243522,-0.36607036,17.097326,0.5010376,-38.476917,-93.4822,0.09271102,5.666606,-4.666606,4.666606,0.028765226,46.224236,1.0,-46.224236,1.0,0.5465478,0.0,-40.743595,-94.665245,0.72950846,-40.48197,-94.57739,0.08559614,0.0027157342433929443,9514.105642080307,745000
5.622924,-4.622924,4.622924,0.0112924,44.440598,1.0,-44.440598,1.0,0.5934264,0.0,-39.85177,-94.17187,0.92927366,-0.44009465,17.774296,0.43520018,-39.595535,-94.257965,0.11227507,5.680015,-4.680017,4.680017,0.03412976,46.128174,0.9999981,-46.128086,1.0,0.6582213,0.0,-39.335503,-93.79756,0.9831066,-39.09687,-93.6211,0.0972396,0.002737195062637329,9527.791625261307,750000
5.621863,-4.621863,4.621863,0.010868134,44.6072,1.0,-44.6072,1.0,0.59311104,0.0,-39.346626,-93.66538,0.53152084,-0.9279025,19.638712,0.65125346,-39.03842,-93.642845,0.14031434,5.672403,-4.672403,4.672403,0.031084035,45.028893,1.0,-45.028893,1.0,1.295318,0.0,-38.81019,-93.692,0.7764178,-38.52473,-93.633575,0.17649543,0.002722771739959717,9541.405492544174,755000
5.622409,-4.6224117,4.6224117,0.011087767,44.81935,0.9999971,-44.819218,1.0,0.61413217,0.0,-38.17514,-93.95434,0.7712201,-0.7303821,23.581097,0.63232,-37.899742,-93.93705,0.1056663,5.67921,-4.67921,4.67921,0.033807144,45.999916,1.0,-45.999916,1.0,0.5597996,0.0,-38.425877,-93.50698,0.36392736,-38.190277,-93.49458,0.09481829,0.0027300534725189208,9555.055767297745,760000
5.6220646,-4.6220646,4.6220646,0.010948763,46.031242,1.0,-46.031242,1.0,0.48854625,0.0,-38.86423,-94.115295,4.191826,-0.7491677,45.47702,0.46243596,-38.629375,-94.07758,0.08420351,5.6609387,-4.6609387,4.6609387,0.026498491,44.987152,1.0,-44.987152,1.0,0.79340935,0.0,-38.534714,-93.55555,0.6161243,-38.27626,-93.53412,0.09032108,0.002710657691955566,9568.609062433243,765000
5.6209755,-4.6209755,4.6209755,0.0105131855,45.978676,1.0,-45.978676,1.0,0.4178321,0.0,-38.330864,-94.09849,0.69797933,-0.271951,13.661301,0.807089,-38.04886,-94.01991,0.1382909,5.6778145,-4.6778145,4.6778145,0.033248838,44.054924,1.0,-44.054924,1.0,0.5482911,0.0,-39.288525,-93.70581,0.5943662,-39.03891,-93.643906,0.21664336,0.0027161126136779784,9582.189632415771,770000
5.6220293,-4.6220303,4.6220303,0.010935088,45.33306,0.999999,-45.333015,1.0,0.40911677,0.0,-41.200478,-94.150894,1.944265,-0.38671654,24.853218,0.32013243,-40.91807,-94.08792,0.13187094,5.671918,-4.671918,4.671918,0.03089006,44.87331,1.0,-44.87331,1.0,0.79777586,0.0,-41.148262,-94.467964,0.4770034,-40.869118,-94.35456,0.084259346,0.0027187297821044923,9595.783290147781,775000
5.621855,-4.621855,4.621855,0.010864744,45.56726,1.0,-45.56726,1.0,0.49831045,0.0,-37.676163,-92.673676,0.8767637,-1.312541,20.036396,0.42726314,-37.397305,-92.63724,0.09570558,5.6650257,-4.6650257,4.6650257,0.028133173,46.841217,0.99999994,-46.841217,1.0,0.5355563,0.0,-37.34201,-93.46669,0.79937327,-37.08595,-93.36816,0.091446824,0.0027162691593170165,9609.36464381218,780000
5.6225147,-4.6225176,4.6225176,0.011129953,46.439697,0.99999726,-46.43957,1.0,0.41503555,0.0,-40.666206,-93.81947,0.2956463,-1.172203,14.401303,0.6731833,-40.43068,-93.765305,0.07626034,5.668413,-4.668413,4.668413,0.0294881,45.83457,1.0,-45.83457,1.0,0.3742689,0.0,-37.945503,-93.731285,0.6172848,-37.735962,-93.70614,0.13867015,0.0027135478019714356,9622.932389974594,785000
5.622444,-4.622444,4.622444,0.0111004505,46.01851,1.0,-46.01851,1.0,0.31544113,0.0,-38.458736,-93.694435,1.0408251,-1.1472772,26.508415,0.9804666,-38.242188,-93.62418,0.113277614,5.6809745,-4.6809745,4.6809745,0.03451287,45.553635,1.0,-45.553635,1.0,0.45898575,0.0,-37.54676,-94.05893,0.5316509,-37.267147,-93.98084,0.122536786,0.002738360786437988,9636.62420129776,790000
5.622698,-4.622698,4.622698,0.011202098,44.669502,1.0,-44.669502,1.0,0.6134287,0.0,-37.455017,-92.706276,3.1099815,-0.9448702,38.796547,0.3964057,-37.199024,-92.55164,0.09649995,5.6582527,-4.6582546,4.6582546,0.025424767,45.222073,0.9999979,-45.221977,1.0,1.0234499,0.0,-39.316277,-93.26489,0.4617806,-39.049427,-93.16592,0.14174214,0.0026989935398101807,9650.11917591095,795000
5.622443,-4.622443,4.622443,0.011100209,44.807705,1.0,-44.807705,1.0,0.4555993,0.0,-39.25163,-93.63181,0.54886997,-0.46851605,13.051985,0.35221744,-38.98014,-93.52763,0.10458425,5.672832,-4.672836,4.672836,0.03125733,44.59487,0.99999624,-44.594704,1.0,0.6700733,0.0,-40.506664,-93.6357,0.44386315,-40.269623,-93.515884,0.08423175,0.0027003840923309325,9663.621104717255,800000
5.6218967,-4.6218967,4.6218967,0.0108817415,45.81464,0.99999994,-45.81464,1.0,0.538601,0.0,-38.12919,-93.050224,0.81543416,-0.49712625,17.446957,0.54075474,-37.894302,-93.13362,0.090120345,5.6656976,-4.6656976,4.6656976,0.028401986,44.704357,1.0,-44.704357,1.0,0.6663896,0.0,-38.774696,-93.58306,0.39642838,-38.50805,-93.5681,0.1454968,0.16692400012016295,10498.241112470627,805000
5.6210785,-4.6210785,4.6210785,0.010554405,45.664513,1.0,-45.664513,1.0,0.6098128,0.0,-38.2769,-92.57529,0.5107767,-1.222511,20.694042,0.5227718,-38.026203,-92.52228,0.09744871,5.6685104,-4.6685104,4.6685104,0.029527029,45.741787,1.0,-45.741787,1.0,0.64875436,0.0,-39.863445,-93.633865,0.639597,-39.63147,-93.566536,0.10755585,0.0027135596752166746,10511.80891919136,810000
5.6220765,-4.6220765,4.6220765,0.010953645,46.109344,1.0,-46.109344,1.0,0.37078884,0.0,-38.99321,-94.2771,0.46617073,-0.23655494,14.149642,0.72978073,-38.721745,-94.213066,0.09142719,5.6635957,-4.6635957,4.6635957,0.027561087,45.75783,1.0,-45.75783,1.0,0.5877759,0.0,-37.211304,-93.61418,1.0813206,-36.94998,-93.518394,0.10928112,0.0026934805393218995,10525.276329517365,815000
5.6218147,-4.6218176,4.6218176,0.010849878,46.253212,0.9999973,-46.253086,1.0,0.74190277,0.0,-39.945564,-92.79046,1.0039433,-6.50653,66.282,0.36535951,-39.70073,-92.85255,0.15080595,5.6656256,-4.6656256,4.6656256,0.028373038,46.01139,1.0,-46.01139,1.0,1.0592487,0.0,-38.880173,-93.72084,0.384499,-38.611183,-93.700836,0.099423945,0.0027016882419586183,10538.784777641296,820000
5.621199,-4.621199,4.621199,0.010602465,45.13519,0.99999994,-45.13519,1.0,0.41630417,0.0,-38.10192,-93.28549,2.0158057,-0.6358818,24.3809,0.48318893,-37.865135,-93.17334,0.11107329,5.680928,-4.680928,4.680928,0.034494247,44.950794,0.99999994,-44.950794,1.0,0.6331773,0.0,-36.86393,-93.815544,0.3119707,-36.61332,-93.83858,0.14014772,0.0027105923175811766,10552.33774805069,825000
5.621046,-4.621047,4.621047,0.010541897,44.13347,0.9999988,-44.133415,1.0,0.6671844,0.0,-37.80285,-93.57654,1.1138307,-0.47675133,20.099346,0.31759992,-37.538746,-93.56481,0.17762119,5.676339,-4.676339,4.676339,0.032658517,44.93845,1.0,-44.93845,1.0,0.5361211,0.0,-37.32171,-93.86152,0.34611708,-37.126373,-93.86008,0.08223918,0.0027105876445770263,10565.890694141388,830000
5.6232452,-4.6232452,4.6232452,0.011421062,45.755005,0.99999994,-45.755005,1.0,0.7746337,0.0,-40.11817,-93.597206,2.5859008,-2.7794712,38.896965,0.37682855,-39.885178,-93.67002,0.08240313,5.6652603,-4.6652603,4.6652603,0.028226985,45.630127,1.0,-45.630127,1.0,0.5542413,0.0,-38.939754,-94.79195,0.44477862,-38.709167,-94.716515,0.09149255,0.002729334783554077,10579.537376403809,835000
5.621977,-4.621977,4.621977,0.01091363,45.29642,1.0,-45.29642,1.0,0.44582647,0.0,-40.510513,-93.51296,1.2964208,-0.24621311,15.714329,0.24825656,-40.27456,-93.46381,0.07015608,5.6823597,-4.6823597,4.6823597,0.035066765,46.205612,1.0,-46.205612,1.0,0.5105188,0.0,-39.587723,-93.96967,0.28202197,-39.34181,-93.90618,0.11078552,0.0027157846927642823,10593.116306781769,840000
5.623846,-4.623847,4.623847,0.011661648,45.191254,0.9999992,-45.19122,1.0,0.64668995,0.0,-39.98053,-93.830666,4.6647234,-0.6172656,49.581448,0.2884126,-39.684677,-93.746346,0.14221013,5.6860676,-4.6860676,4.6860676,0.03655009,44.70516,1.0,-44.70516,1.0,0.7582034,0.0,-39.83886,-94.09659,0.3715229,-39.58563,-94.023285,0.13638575,0.0026967226028442384,10606.599928617477,845000
5.6211486,-4.621154,4.621154,0.010584376,45.48265,0.99999493,-45.48242,1.0,0.4666364,0.0,-39.9507,-94.36582,3.6179194,-0.6131568,38.544487,0.6288221,-39.71912,-94.3122,0.057280555,5.6819024,-4.6819024,4.6819024,0.034883942,44.93409,0.99999994,-44.93409,1.0,0.8570909,0.0,-39.932312,-94.37496,0.46276575,-39.64337,-94.19266,0.20009392,0.0026985305309295653,10620.092588424683,850000
5.6227813,-4.6227818,4.6227818,0.011235611,45.72502,0.99999934,-45.72499,1.0,0.42377526,0.0,-39.291702,-93.55192,0.93482643,-0.24300209,14.638748,0.6798631,-39.03306,-93.43579,0.095209055,5.6773953,-4.6773953,4.6773953,0.033081163,45.83661,1.0,-45.83661,1.0,0.5598743,0.0,-38.84777,-95.15229,0.4133075,-38.629272,-95.11674,0.08918793,0.002680983066558838,10633.497512102127,855000
5.621741,-4.621743,4.621743,0.010820136,45.710503,0.9999978,-45.710403,1.0,0.6157936,0.0,-38.222504,-93.22242,3.492262,-0.60401994,33.776733,0.64812624,-37.972134,-93.19874,0.086831525,5.6644692,-4.6644692,4.6644692,0.027910594,45.39337,1.0,-45.39337,1.0,0.5659335,0.0,-39.745956,-93.62939,0.7099156,-39.505177,-93.574974,0.09973079,0.0027090776443481446,10647.042907476425,860000
5.6215234,-4.621526,4.621526,0.010733175,45.587246,0.9999975,-45.58713,1.0,0.46967754,0.0,-40.78485,-94.30882,1.4850026,-0.68018454,25.586632,0.48756513,-40.521255,-94.210266,0.085355766,5.6659355,-4.6659355,4.6659355,0.028497243,45.32097,1.0,-45.32097,1.0,0.99066484,0.0,-38.589737,-93.71404,0.4840573,-38.32515,-93.63093,0.22083533,0.0026934423446655273,10660.51012635231,865000
5.62093,-4.62093,4.62093,0.010495087,45.27787,1.0,-45.27787,1.0,0.7014041,0.0,-38.871513,-93.8717,2.3297029,-0.465307,30.426014,0.6126122,-38.62931,-93.95055,0.08704312,5.6665726,-4.6665726,4.6665726,0.028752059,44.397877,1.0,-44.397877,1.0,0.6317538,0.0,-39.75119,-94.9007,0.47864377,-39.46098,-94.80031,0.10970059,0.002706257438659668,10674.041420698166,870000
5.6199102,-4.6199107,4.6199107,0.010087214,45.21517,0.9999997,-45.215157,1.0,0.45804098,0.0,-39.68747,-93.8692,2.6688375,-0.520905,26.582333,0.34971866,-39.44878,-93.86683,0.088837385,5.677305,-4.677305,4.677305,0.033045053,45.582123,1.0,-45.582123,1.0,0.50358146,0.0,-39.74811,-94.22203,1.1435117,-39.54385,-94.154015,0.18781567,0.0026834359645843504,10687.458607435226,875000
5.6211677,-4.621168,4.621168,0.010590026,44.955414,0.9999994,-44.955387,1.0,0.39912423,0.0,-39.34899,-93.9658,2.1585526,-0.3629583,23.301622,0.35033756,-39.09471,-93.922905,0.07425892,5.6643157,-4.6643157,4.6643157,0.027849237,46.0666,1.0000001,-46.0666,1.0,1.0195235,0.0,-39.047966,-93.58811,0.6077357,-38.774666,-93.53959,0.07483502,0.0027006969928741456,10700.962099790573,880000
5.6202536,-4.620257,4.620257,0.01022576,45.168007,0.9999968,-45.167862,1.0,0.5653074,0.0,-39.079857,-93.13602,1.9923105,-0.49926916,27.434807,0.27529216,-38.812492,-93.15578,0.08961867,5.6787114,-4.6787114,4.6787114,0.033607464,47.153923,1.0,-47.153923,1.0,0.888872,0.0,-39.79992,-94.49591,0.29316396,-39.57551,-94.413826,0.08458041,0.0027231887340545655,10714.578050374985,885000
5.620243,-4.620243,4.620243,0.010220314,45.277306,1.0,-45.277306,1.0,0.43203104,0.0,-41.061478,-93.43533,0.7550359,-1.6352499,31.097366,0.43237025,-40.811134,-93.34824,0.11965456,5.660328,-4.660328,4.660328,0.026254216,46.523422,0.99999994,-46.523422,1.0,0.5473765,0.0,-40.65238,-93.68231,0.62476176,-40.38003,-93.6588,0.27397633,0.0027177146911621093,10728.166631221771,890000
5.621192,-4.621192,4.621192,0.01059981,44.70694,1.0,-44.70694,1.0,0.6545426,0.0,-38.201607,-94.32928,2.538022,-2.7884722,45.398056,0.82284963,-37.920673,-94.16382,0.105973706,5.672618,-4.672618,4.672618,0.03117022,44.73849,1.0,-44.73849,1.0,0.5752752,0.0,-39.849598,-93.16171,0.39969993,-39.545994,-93.11304,0.11967671,0.0027322943210601807,10741.828109741211,895000
5.6240067,-4.624009,4.624009,0.011726555,44.36701,0.99999756,-44.366898,1.0,0.5491177,0.0,-38.325493,-93.52491,0.75095576,-1.0843638,29.962711,0.6057992,-38.003296,-93.31326,0.17995113,5.691846,-4.691846,4.691846,0.038861316,46.0191,1.0,-46.0191,1.0,0.84003276,0.0,-37.799355,-94.39461,1.7398698,-37.50555,-94.17367,0.15839705,0.0027152132987976075,10755.4041826725,900000
5.621188,-4.621188,4.621188,0.010598155,45.709267,1.0,-45.709267,1.0,0.47007883,0.0,-39.107815,-94.21239,0.41044444,-2.4367661,24.654753,0.75750387,-38.859066,-94.16475,0.060532596,5.661726,-4.661729,4.661729,0.026814466,46.759155,0.9999972,-46.759026,1.0,1.6506196,0.0,-38.568356,-94.83473,0.620385,-38.299835,-94.78473,0.07741512,0.18008194026947022,11655.813891649246,905000
5.6207047,-4.6207056,4.6207056,0.0104052,46.87377,0.9999992,-46.873737,1.0,0.40133497,0.0,-37.74101,-92.85045,1.0448849,-0.46297976,16.190517,0.26699248,-37.495514,-92.763916,0.070939444,5.6750283,-4.6750283,4.6750283,0.03213424,45.091167,1.0,-45.091167,1.0,1.0611069,0.0,-38.949066,-93.44764,0.27586508,-38.691895,-93.401855,0.15665488,0.0027178198337554933,11669.402998209,910000
5.6227636,-4.6227655,4.6227655,0.01122908,45.905106,0.99999815,-45.90502,1.0,0.64781994,0.0,-39.469833,-93.7211,1.3071022,-3.5020082,27.436337,0.61869055,-39.174126,-93.6195,0.15369055,5.6822186,-4.6822186,4.6822186,0.035010528,45.62082,1.0,-45.62082,1.0,0.98695314,0.0,-39.04669,-94.1751,1.5502455,-38.80465,-94.04267,0.1855196,0.0027384285449981688,11683.095148086548,915000
5.6210246,-4.621026,4.621026,0.01053329,45.57527,0.9999985,-45.575203,1.0,0.48289263,0.0,-40.12777,-93.823975,0.3945001,-0.44057178,16.863518,0.72110033,-39.879646,-93.83773,0.08350307,5.671316,-4.671316,4.671316,0.030649502,45.279537,1.0,-45.279537,1.0,0.50718737,0.0,-38.3183,-93.93541,0.57742345,-38.079197,-93.89215,0.106754966,0.0027288904190063477,11696.739607095718,920000
5.620963,-4.620963,4.620963,0.010508303,44.934845,1.0,-44.934845,1.0,0.46633762,0.0,-39.43779,-94.68989,2.5315714,-0.48468772,28.34652,0.4279362,-39.193497,-94.61968,0.09024726,5.6664953,-4.6664953,4.6664953,0.028721137,46.005154,1.0,-46.005154,1.0,0.6480618,0.0,-38.356667,-94.45016,0.6221796,-38.143696,-94.423965,0.09066364,0.0027194480419158937,11710.336854457855,925000
5.6220074,-4.6220074,4.6220074,0.010925787,44.76768,1.0,-44.76768,1.0,0.36756763,0.0,-39.06165,-94.09669,2.3499699,-0.59441847,27.207417,1.1238618,-38.84526,-94.02006,0.10589038,5.6690865,-4.6690865,4.6690865,0.029757366,45.667725,1.0,-45.667725,1.0,1.9077282,0.13670146,-39.560318,-93.48863,0.57894295,-39.32096,-93.54017,0.10388856,0.0027381537914276124,11724.027631759644,930000
5.6206074,-4.62061,4.62061,0.010367081,45.841084,0.99999696,-45.840942,1.0,0.6322999,0.0,-39.761814,-92.9227,0.70111036,-3.8534987,36.987427,0.49514502,-39.51125,-92.878494,0.11243137,5.6646085,-4.6646233,4.6646233,0.027972478,45.86709,0.9999851,-45.866405,1.0,0.70657986,0.0,-38.73803,-93.78991,0.33035392,-38.500774,-93.75868,0.10955389,0.002791172933578491,11737.98350429535,935000
5.622257,-4.622257,4.622257,0.011025964,45.311382,1.0,-45.311382,1.0,0.38824794,0.0,-39.481495,-93.84694,0.2981845,-1.2898564,15.268857,0.61752677,-39.22907,-93.78123,0.08155529,5.6708603,-4.6708603,4.6708603,0.030467082,45.865448,0.99999994,-45.865448,1.0,0.5571579,0.0,-38.456596,-94.79387,0.8749502,-38.179916,-94.754,0.09917303,0.00272774395942688,11751.62223124504,940000
5.6208267,-4.620827,4.620827,0.010453825,44.752518,0.9999997,-44.752502,1.0,0.41169584,0.0,-38.246117,-94.35841,0.41452396,-1.6224291,23.11771,0.3661659,-37.98127,-94.24236,0.110666804,5.663825,-4.663825,4.663825,0.02765294,45.664673,1.0,-45.664673,1.0,0.526208,0.0,-38.7862,-93.49901,0.42237103,-38.51834,-93.47174,0.122048795,0.00271162691116333,11765.180372953415,945000
5.6219783,-4.6219783,4.6219783,0.010914172,45.50499,1.0,-45.50499,1.0,0.46079576,0.0,-39.01066,-93.36264,0.8043146,-0.518409,16.075901,0.5001935,-38.812134,-93.289795,0.05286194,5.668491,-4.668494,4.668494,0.029520482,45.50871,0.99999666,-45.508556,1.0,0.37849018,0.0,-40.670853,-94.469284,0.22214997,-40.41826,-94.42063,0.08589503,0.0027349313259124757,11778.855036497116,950000
5.622015,-4.622019,4.622019,0.010930513,46.351616,0.99999624,-46.35144,1.0,0.6626426,0.0,-39.0065,-94.51119,1.5952998,-2.941228,31.494007,0.53413206,-38.76527,-94.506805,0.13706174,5.671013,-4.671013,4.671013,0.030527994,44.828976,1.0,-44.828976,1.0,0.5022886,0.0,-39.901592,-93.47774,0.38445157,-39.65783,-93.421,0.14681783,0.0026997772693634035,11792.353929758072,955000
5.6220503,-4.6220503,4.6220503,0.01094308,45.414948,0.99999994,-45.414948,1.0,0.50084007,0.0,-39.201576,-92.71753,0.5564545,-2.0769594,24.863663,0.41854692,-38.978825,-92.783195,0.094924375,5.6618557,-4.6618557,4.6618557,0.026865369,46.9117,1.0,-46.9117,1.0,0.49585813,0.0,-41.661354,-94.17363,0.41761228,-41.392853,-94.21615,0.108054936,0.0027007411003112792,11805.857643604279,960000
5.622363,-4.622363,4.622363,0.011068371,46.14053,1.0,-46.14053,1.0,0.49874818,0.0,-38.90289,-94.09857,0.5618716,-0.78180426,22.69804,0.47082353,-38.632244,-94.0626,0.120065615,5.6652775,-4.6652775,4.6652775,0.028234024,46.694458,1.0,-46.694458,1.0,0.68037045,0.0,-40.50412,-94.051414,0.7786619,-40.22513,-93.94206,0.11489481,0.0027015518188476563,11819.365409851074,965000
5.621446,-4.6214466,4.6214466,0.010701719,45.54975,0.99999934,-45.54972,1.0,0.45302886,0.0,-38.36969,-94.345,1.0139266,-0.38532642,17.407661,0.38395157,-38.111603,-94.24568,0.06706518,5.6738114,-4.6738114,4.6738114,0.03164761,46.06,1.0,-46.06,1.0,0.68813884,0.0,-38.855682,-94.09417,0.32789296,-38.582306,-94.02812,0.09551949,0.0026859527587890625,11832.795181274414,970000
5.6211543,-4.6211576,4.6211576,0.010585973,44.696518,0.9999966,-44.696365,1.0,0.9073538,0.0,-39.53395,-92.94932,2.705638,-0.60804826,40.333866,0.6289921,-39.326912,-92.99232,0.06762659,5.6785417,-4.6785517,4.6785517,0.033543617,45.544067,0.9999901,-45.543617,1.0,1.5230272,0.0,-39.927414,-94.01256,0.7382355,-39.64059,-94.00972,0.13950163,0.002729855155944824,11846.444467306137,975000
5.6207314,-4.6207314,4.6207314,0.010415571,45.253983,0.99999994,-45.253983,1.0,0.33066025,0.0,-37.480198,-93.19425,0.2736342,-1.4074943,17.702,0.8049533,-37.26715,-93.08307,0.06691027,5.656199,-4.656199,4.656199,0.024602635,44.874207,1.0,-44.874207,1.0,0.3895427,0.0,-39.209717,-94.28972,0.2649908,-38.993217,-94.220795,0.08058427,0.0026917508602142333,11859.903228521347,980000
5.621847,-4.621847,4.621847,0.010861775,45.444,1.0,-45.444,1.0,0.3908015,0.0,-40.362328,-93.59774,0.33006525,-0.5992467,16.301838,0.30802256,-40.077995,-93.52822,0.110388234,5.6676617,-4.6676617,4.6676617,0.029187685,47.487556,1.0,-47.487556,1.0,0.40934336,0.0,-38.26793,-93.797264,0.49621928,-38.04048,-93.77909,0.07995947,0.0027114241123199464,11873.460355997086,985000
5.621745,-4.621745,4.621745,0.010821006,44.310654,1.0,-44.310654,1.0,0.41006976,0.0,-40.15441,-93.79223,2.0968568,-4.22404,31.668015,0.6069855,-39.924408,-93.69041,0.12516004,5.6728063,-4.672809,4.672809,0.031246651,46.496925,0.999997,-46.496788,1.0,1.148333,0.0,-39.286682,-92.79996,0.7021951,-38.996487,-92.72563,0.1309177,0.0027111470699310303,11887.016099214554,990000
5.6207404,-4.6207404,4.6207404,0.010419163,44.868645,1.0,-44.868645,1.0,0.3809965,0.0,-39.062035,-92.01046,0.40380067,-0.4108693,12.767923,0.34826478,-38.83973,-91.98637,0.06395818,5.6708097,-4.6708097,4.6708097,0.030446911,46.11136,1.0,-46.11136,1.0,0.6571609,0.0,-37.4191,-93.69601,0.28958696,-37.19539,-93.69748,0.5028284,0.0027060473442077635,11900.546343326569,995000
5.620961,-4.620961,4.620961,0.010507374,45.94993,1.0,-45.94993,1.0,0.66418767,0.0,-39.603107,-93.81485,2.459258,-0.9089275,31.30001,0.25702304,-39.33866,-93.76028,0.10657872,5.678211,-4.678211,4.678211,0.033407275,45.27433,1.0,-45.27433,1.0,1.059819,0.0,-39.379204,-93.366806,0.40077537,-39.093052,-93.35364,0.11856207,0.0027051633834838866,11914.072169303894,1000000
