training/actor/actor_loss,training/actor/adv,training/actor/bc_log_prob,training/grad/max,training/grad/min,training/grad/norm,training/value/d_neg_loss,training/value/d_neg_max,training/value/d_neg_mean,training/value/d_neg_min,training/value/d_pos_loss,training/value/d_pos_max,training/value/d_pos_mean,training/value/d_pos_min,training/value/lam,training/value/lam_loss,training/value/total_loss,training/value/value_loss,validation/actor/actor_loss,validation/actor/adv,validation/actor/bc_log_prob,validation/value/d_neg_loss,validation/value/d_neg_max,validation/value/d_neg_mean,validation/value/d_neg_min,validation/value/d_pos_loss,validation/value/d_pos_max,validation/value/d_pos_mean,validation/value/d_pos_min,validation/value/lam,validation/value/lam_loss,validation/value/total_loss,validation/value/value_loss,time/epoch_time,time/total_time,step
98.73088,0.5356752,-1.8631232,888.26117,-327.22797,10742.707,242.43192,896.85925,298.5055,2.7368226,9.762422,13.7037735,3.2535186,0.05765423,6.2609463,-60.80895,242.74498,303.55392,90.720184,1.0536441,-1.8511466,234.79012,915.9433,308.33868,2.289035,16.561766,42.619225,3.1494412,0.016372014,6.2627335,-103.40879,235.10324,338.51202,0.09536728191375732,476.83642578125,5000
65.18787,0.60232234,-1.7926413,1214.5482,-502.4425,12184.094,306.4214,872.2649,210.65509,0.8663546,1.8980622,8.033478,1.7797868,0.04481573,24.460573,-45.204662,307.6444,352.84906,74.30095,0.78007275,-1.8907173,314.7535,857.97797,205.6377,3.6356673,3.3709722,12.974741,1.9453329,0.058989536,24.466486,-81.25252,315.97687,397.22937,0.012030357313156128,536.9882216453552,10000
44.7758,0.2288728,-1.8579528,717.7456,-451.5052,9763.98,376.18933,594.2104,129.96143,0.9159048,0.62224424,6.5722294,1.2274222,0.04982345,79.205826,-45.325077,380.14963,425.4747,39.662674,0.24856043,-1.8994511,373.25983,550.4806,132.12007,8.528057,0.66064346,9.838138,1.1759977,0.047259364,79.22142,-48.37604,377.2209,425.59692,0.012033760499954223,597.1570341587067,15000
20.400658,0.11539589,-1.9176502,428.89862,-218.19632,4670.737,428.6182,337.07153,73.190735,2.0557246,0.04478274,2.6570086,0.85462004,0.037540272,192.21483,1.002835,438.22894,437.2261,24.24068,0.28406534,-1.863709,421.0539,410.9319,81.18088,1.4945889,0.08601728,3.4393678,0.86953074,0.02965331,192.23279,-6.9237022,430.66553,437.58923,0.012031135368347169,657.3127207756042,20000
17.324736,0.1375905,-1.8302615,574.7872,-321.86328,4861.7515,423.57584,370.67853,78.37725,0.96660113,0.052571356,2.911147,0.83752865,0.037672568,274.27115,-0.70524865,437.28937,437.99463,14.536273,0.16138029,-1.8969557,429.0572,352.8819,72.79834,5.3327503,0.035844404,2.6367748,0.8320862,0.013303753,274.27924,3.8825862,442.77118,438.88858,0.012023078298568725,717.428121805191,25000
19.698622,0.2560469,-1.766386,164.35515,-350.23132,3808.526,429.85706,363.1588,71.85268,1.4796757,0.04090874,3.1319404,0.8365644,0.04836428,280.79712,2.5528002,443.8969,441.34412,17.634165,0.15722598,-1.8537352,427.7381,343.9335,73.97273,1.6240752,0.045859728,3.2343729,0.82856333,0.031192321,280.79507,1.1625682,441.77786,440.6153,0.012026363182067871,777.5599472522736,30000
16.703482,0.34194648,-1.8199227,37.78189,-60.439255,1837.3718,430.4124,334.2577,71.30706,1.294424,0.033397183,2.6098893,0.8024736,0.046975598,287.96033,4.780953,444.81042,440.02948,17.298588,0.26195416,-1.7230763,422.82916,375.83,79.17325,4.2257295,0.10026113,4.9860873,0.8333397,0.03800795,287.98492,-14.474447,437.2284,451.70285,0.012038307666778564,837.7514960765839,35000
17.76641,0.32113114,-1.7010386,218.65579,-316.79178,3508.2449,423.38013,338.3473,78.51456,1.3008224,0.02951087,2.8391876,0.82293904,0.020902056,289.18594,5.9251685,437.83942,431.91425,21.034733,0.21780905,-1.664964,430.90433,327.57925,70.78861,1.0521296,0.038053688,2.7326531,0.81695634,0.038219187,289.1745,3.454569,445.36304,441.90848,0.012032083225250245,897.9119215011597,40000
16.600218,0.19843322,-1.8198128,212.9142,-162.21426,2839.443,433.81583,237.5951,67.6709,1.450619,0.016217388,1.9534055,0.799562,0.039407566,296.9032,10.030166,448.66098,438.63083,14.700996,0.14555033,-1.7781842,435.16565,291.68607,66.37315,0.46879736,0.015183253,1.664341,0.79465127,0.032578677,296.9032,10.337204,450.0108,439.6736,0.012025542211532592,958.039642572403,45000
20.82523,0.26354516,-1.780903,194.3964,-277.42502,4791.748,426.14456,295.9675,75.60231,1.383117,0.13339944,4.5286784,0.895059,0.014254354,298.3536,-24.882524,441.06223,465.94476,22.1079,0.30501992,-1.7414374,422.91266,400.48538,79.04134,0.57852024,0.08418077,4.61436,0.9082772,0.052077,298.35648,-10.198054,437.83047,448.02853,0.012029817295074463,1018.1887381076813,50000
19.313005,0.19815132,-1.7145404,311.84418,-448.12033,5887.5386,418.91602,435.09323,83.485245,1.6264074,0.07123662,3.057705,0.872523,0.030120332,299.68875,-6.364375,433.90045,440.26483,19.750563,0.25239187,-1.643008,419.9839,417.92398,82.434425,0.346636,0.03689505,2.2220032,0.8687092,0.04867773,299.6839,3.9273422,434.96808,431.04074,0.012028191804885863,1078.3297061920166,55000
20.600481,0.32817027,-1.7555383,329.35776,-289.62863,4139.2583,408.208,433.65527,94.679245,1.4459144,0.03609834,2.7260373,0.8803123,0.027304731,302.05725,4.1990976,423.31088,419.1118,20.989231,0.20982248,-1.6782707,410.04846,480.77838,93.255295,1.6459215,0.031161554,2.7334585,0.8708366,0.045162648,302.062,5.690379,425.15155,419.46118,0.012030641174316407,1138.4829218387604,60000
17.857765,0.25406563,-1.7084455,303.8862,-302.4112,4236.0264,419.90042,305.39206,81.96139,2.503632,0.03652872,2.4332845,0.8689805,0.06604136,305.5531,4.1161914,435.17807,431.0619,17.506622,0.14430197,-1.7443652,426.4887,334.54666,75.29782,2.9045591,0.014204221,2.0960672,0.81817085,0.07350787,305.5352,10.93687,441.76544,430.82858,0.012029171180725098,1198.628787279129,65000
16.550707,0.108330965,-1.7209485,425.1435,-199.19331,2970.9722,428.9334,320.27698,72.732666,1.3620875,0.025102833,2.122548,0.82315564,0.034704268,307.3994,7.6533747,444.30338,436.65,19.179913,0.22914796,-1.6831448,426.83603,300.39255,74.86206,1.1313483,0.061873857,3.1959968,0.8913526,0.03649294,307.3883,-3.6498845,442.20544,445.85532,0.012027146244049072,1258.7645280361176,70000
20.069258,0.21388671,-1.769366,552.4877,-811.071,8971.847,416.70288,345.4822,85.4005,4.0458164,0.07996362,4.112075,0.89615804,0.028725158,308.4847,-9.243318,432.1271,441.37042,22.648785,0.3902412,-1.6635361,420.56372,402.9113,81.55322,0.5179163,0.10780431,3.339021,0.9401872,0.019779108,308.4647,-17.83059,435.98694,453.81754,0.012021601343154907,1318.8725459575653,75000
20.977627,0.22059883,-1.6976174,846.69824,-822.4725,17478.285,412.14053,459.2692,90.4253,1.3704191,0.36921957,9.916812,0.94081545,0.03857307,309.0156,-98.64382,427.59128,526.2351,19.17826,0.29450074,-1.5408487,418.9569,410.82013,83.543594,3.9802437,0.07488775,3.2489386,0.91551155,0.020675998,309.0594,-7.6917934,434.40988,442.10168,0.012026205587387085,1379.0035836696625,80000
16.603931,0.33961582,-1.6119843,126.32428,-97.537674,1678.781,426.5987,259.28934,75.04576,4.00523,0.021420721,2.0257733,0.8565098,0.029253757,311.5374,8.903515,442.17557,433.27206,20.188562,0.25385842,-1.7432208,430.51944,272.73752,71.028915,1.7098918,0.027087625,2.1393263,0.84969634,0.030634483,311.51974,7.1376576,446.09543,438.95776,0.012024688911437988,1439.1270368099213,85000
18.84225,0.20286623,-1.6048803,146.99683,-290.08817,3368.1226,416.20743,389.40765,86.11049,0.15544856,0.046501815,2.7464454,0.8762247,0.06486902,312.10376,1.0917969,431.81262,430.72083,17.135838,0.16809033,-1.7089808,419.4554,416.3191,82.97514,0.522056,0.26342177,8.448601,0.8937267,0.05995307,312.09723,-66.608345,435.06027,501.6686,0.01201010866165161,1499.177589893341,90000
19.488491,0.18456218,-1.6061631,407.58118,-597.4268,7170.9375,426.50873,483.1625,75.70425,1.9407,0.058442306,3.1397276,0.9030459,0.019555695,314.31683,-2.6535585,442.22455,444.8781,18.73655,-0.035811678,-1.84694,415.52673,368.80826,86.80887,1.7032245,0.08851037,4.1418386,0.86524403,0.027568348,314.31683,-12.104458,431.24258,443.34705,0.012025106716156007,1559.303132534027,95000
18.173918,0.27836198,-1.5720425,313.7121,-360.1423,6078.651,418.37787,397.30084,83.58114,1.5975087,0.107731685,5.6807923,0.91018236,0.020910062,311.16672,-17.964178,433.93622,451.9004,18.03384,0.2177601,-1.7383732,418.8803,409.29187,83.293686,2.966402,0.0316234,2.6691642,0.8651372,0.021887751,311.15543,5.717979,434.43808,428.7201,0.012029597568511963,1619.45112991333,100000
17.20682,0.113476805,-1.6968038,301.7279,-472.38257,5533.264,422.2541,362.06635,79.64637,1.7392039,0.033522636,2.2211907,0.8593901,0.044944942,313.31113,5.162542,437.91965,432.7571,20.58855,0.32507235,-1.6426673,419.25732,369.50848,82.816345,0.21569379,0.03294409,2.6495736,0.9120576,0.026957357,313.30215,5.343653,434.92242,429.57877,0.0876257140159607,2057.5797097682953,105000
18.032166,0.11150257,-1.6414917,405.1666,-482.6061,6075.3037,408.5072,456.6848,94.68915,2.5224438,0.095673844,4.2425017,0.86798066,0.027895756,314.79065,-14.377699,424.24673,438.62442,20.376518,0.24190359,-1.6059866,418.11115,460.43704,84.416756,1.4310707,0.14479497,5.4174376,0.9326838,0.018112268,314.80206,-29.841654,433.85126,463.6929,0.012041687154769897,2117.7881548404694,110000
16.172405,0.1145173,-1.518478,253.50008,-458.23245,4160.8926,419.4845,449.34286,82.926895,1.052036,0.044988334,3.7275546,0.83548236,0.038539648,317.10715,1.5892353,435.33984,433.7506,18.92391,0.097266436,-1.6801285,418.02637,468.73163,84.96106,2.0126503,0.0558901,3.9603884,0.8358452,0.046536207,317.10577,-1.8677839,433.88165,435.74945,0.01203289566040039,2177.952642440796,115000
19.998299,0.28233117,-1.6911058,71.90235,-265.15085,2436.5996,426.9391,407.60657,75.16294,3.1974194,0.030515483,2.0934958,0.87795895,0.047567442,318.3915,6.2037053,442.85867,436.65497,17.692684,0.2998697,-1.5510918,434.7296,384.05072,67.036705,1.4791973,0.028145798,2.4672558,0.83200204,0.033290047,318.3938,6.958243,450.64932,443.69107,0.012028600883483887,2238.0956556797028,120000
17.521755,0.27349114,-1.6705079,315.14557,-296.211,3802.886,412.0484,434.2534,90.61142,2.8664205,0.042243995,2.8083198,0.8680657,0.029194267,320.47293,2.48559,428.07205,425.58646,16.551102,0.16410592,-1.7244608,413.2915,454.02664,89.60996,3.5013278,0.13219869,4.122819,0.8917354,0.015932463,320.48148,-26.343159,429.31558,455.65875,0.012027294921875,2298.232141494751,125000
16.247587,0.14386676,-1.5877993,317.7267,-392.8777,3864.7627,416.0972,510.052,86.548035,2.2745678,0.014644528,1.6477131,0.8449489,0.07492908,322.03433,11.385675,432.1989,420.81323,17.339256,0.2549072,-1.6206048,419.57513,466.32443,82.98157,0.20309128,0.024854265,2.1704986,0.8378805,0.027333643,322.02774,8.097625,435.6765,427.5789,0.012032579660415649,2358.3950498104095,130000
15.934311,0.1646591,-1.6977503,376.4,-240.93314,4617.391,415.9322,404.46503,86.49614,2.661267,0.036833122,2.9194431,0.84630847,0.04087267,322.93594,4.2520585,432.07898,427.82693,12.629185,0.15295887,-1.6313906,428.8446,424.16852,73.02745,0.25936645,0.013838787,2.1809945,0.7742171,0.033323746,322.96655,11.678863,444.99292,433.31406,0.012031994199752807,2418.555030822754,135000
16.285393,0.15130547,-1.6784629,679.0994,-571.2248,18586.416,402.9602,445.51224,100.177444,2.9411528,0.5908793,10.245398,0.9024175,0.02676931,321.38867,-173.83249,419.02963,592.8621,17.586685,0.34020764,-1.6095276,410.00574,453.23483,92.85565,2.9944432,0.058569968,3.2499692,0.891639,0.054174695,321.46024,-2.7549036,426.07874,428.83365,0.012027252674102783,2478.6913073062897,140000
17.594582,0.19875741,-1.6118839,140.8192,-100.70223,2257.9243,424.3736,350.3148,77.38512,0.7218857,0.02407693,2.083341,0.88594806,0.027836468,322.49414,8.360039,440.49832,432.13828,16.633698,0.2286847,-1.5822515,422.4325,385.15182,79.5156,2.3772686,0.05502309,3.2644138,0.8890517,0.029529445,322.46906,-1.6197906,438.55597,440.17575,0.012026973581314087,2538.8261845111847,145000
17.357273,0.18001735,-1.7091602,204.82272,-366.012,5784.756,421.917,417.01846,80.1784,2.9682376,0.14859559,5.7147074,0.9166664,0.02303989,323.02,-31.848347,438.06796,469.91632,17.462143,0.22593746,-1.6161289,421.63348,458.25858,80.78016,4.303215,0.08299284,3.0410862,0.9316788,0.05295206,323.01276,-10.657107,437.78412,448.44122,0.012027031993865967,2598.9613540172577,150000
16.855375,0.21959446,-1.6224692,756.68787,-533.35046,5843.8745,416.05093,473.66446,86.42293,3.2770722,0.04383318,2.2684982,0.8716299,0.05638598,321.15796,1.9805231,432.10883,430.1283,18.103516,0.061222788,-1.6178224,410.60748,491.28754,92.638596,3.3178315,0.030445695,2.4238777,0.8605647,0.04277442,321.15247,6.2799134,426.6651,420.3852,0.01203341760635376,2659.1284539699554,155000
17.65654,0.17141825,-1.6087406,262.0419,-207.30382,2869.0125,408.41562,553.4416,95.72095,4.1877503,0.028289147,2.8381777,0.8358512,0.029467065,321.96112,6.990051,424.51367,417.52362,20.092426,0.4408905,-1.626648,414.55795,543.0754,89.55388,0.43652767,0.023503924,2.2946312,0.89247704,0.036971126,321.9516,8.530455,430.65555,422.1251,0.012009842777252198,2719.1776781082153,160000
19.72258,0.3458976,-1.5543032,153.46744,-256.77853,2416.4731,421.01562,374.93546,80.952675,1.2273161,0.015329708,1.7523232,0.8815873,0.05460802,323.5105,11.216204,437.19116,425.97495,20.139317,0.3465788,-1.7319235,425.57953,363.73846,76.32126,0.41897747,0.04047756,3.6036682,0.89099354,0.018209966,323.49875,3.080498,441.7545,438.67398,0.012027677154541016,2779.3160738945007,165000
14.190076,0.17826691,-1.6440444,265.28732,-316.60257,3826.4238,422.5655,435.74796,79.75331,4.1977067,0.017562537,2.246535,0.78695244,0.023536418,324.33514,10.52061,438.78223,428.26163,17.176643,0.3234877,-1.6705289,415.08777,475.18823,88.151245,3.0180712,0.022601599,2.094398,0.82594764,0.012990106,324.35373,8.886774,431.30545,422.41867,0.012037120246887207,2839.5016837120056,170000
17.712791,0.28788275,-1.4511575,270.09512,-396.25317,4839.15,409.05252,486.68344,94.54927,3.3059545,0.08903002,3.5849192,0.9223403,0.042282112,324.80038,-12.676966,425.29254,437.9695,19.63394,0.16127062,-1.6394782,416.88452,494.41205,85.703835,0.25026616,0.07154468,3.3131826,0.9183889,0.018381737,324.80148,-6.9977427,433.1246,440.12234,0.012027976274490357,2899.641576528549,175000
19.404293,0.1730658,-1.656646,748.6395,-815.6695,7709.5293,406.74396,512.31537,97.491104,2.2150183,0.030981977,2.1532648,0.8187864,0.014225035,326.0046,6.1999636,423.0442,416.84424,17.13824,0.333211,-1.5756416,411.75586,535.0718,91.86847,3.1932,0.027780958,2.3838925,0.844219,0.044325348,326.0049,7.2435174,428.05612,420.8126,0.012056545972824097,2959.9243178367615,180000
17.167566,0.048812933,-1.7499373,127.66905,-192.05435,2381.6401,416.62292,404.63654,85.46239,5.835405,0.018527094,2.354162,0.8112953,0.02453506,326.95734,10.2902975,432.97076,422.68048,16.944893,0.2511497,-1.577862,421.76202,396.54526,80.19261,2.128269,0.08251036,4.8612885,0.8899559,0.024133353,326.93692,-10.628837,438.10886,448.7377,0.012052722597122192,3020.1879403591156,185000
17.44615,0.34042358,-1.5839094,469.82245,-323.727,4275.2617,417.55566,465.45416,84.77922,1.1771876,0.013289075,1.8085755,0.85116017,0.041067164,326.74432,11.995087,433.89288,421.8978,17.519964,0.2678737,-1.5820725,415.01776,416.4908,87.479675,2.7830045,0.11516211,4.552141,0.89536715,0.03657029,326.7365,-21.29084,431.35458,452.64542,0.012036570405960083,3080.370801925659,190000
20.128876,0.1982585,-1.6057823,177.79707,-474.79874,3417.9617,401.2292,589.6242,103.63545,2.3389063,0.03146378,2.1217804,0.85019207,0.03136783,324.7688,6.019986,417.46762,411.44763,19.139675,0.25662255,-1.6442877,417.8526,526.4635,84.75026,1.4074824,0.1198397,5.4574027,0.8816359,0.04810679,324.74896,-22.68037,434.09006,456.77042,0.012025072956085205,3140.4961767196655,195000
20.654827,0.40451425,-1.6144891,403.33893,-880.13074,5366.6035,412.04626,528.86096,91.195625,1.8420751,0.05764079,3.6197987,0.91657805,0.04498487,325.4664,-2.4868205,428.31958,430.8064,18.25589,0.26796702,-1.5868853,410.74332,553.4718,93.015144,0.432395,0.14703628,4.0975003,0.9541644,0.02566556,325.4757,-31.582954,427.01712,458.60007,0.012027895450592041,3200.6356642246246,200000
9.977608,0.20806426,-1.6528361,68.59221,-78.528336,1631.1805,421.65182,444.6661,80.69878,2.0410206,0.02372134,2.7192447,0.74983406,0.0393767,329.14545,8.649502,438.1091,429.4596,10.404536,0.24079601,-1.5973071,425.96997,424.8914,76.30353,0.9166391,0.037916444,3.586387,0.76623285,0.039721936,329.20447,3.9779608,442.4302,438.45224,0.08698195099830627,3635.5454275608063,205000
14.968178,0.11954749,-1.5507536,122.4033,-190.62904,2659.665,426.74597,422.56247,75.201706,4.6750274,0.047889963,2.5759597,0.81854486,0.027897475,327.3486,0.690718,443.11337,442.42267,17.9215,0.28827584,-1.6405246,422.4769,385.5384,79.70636,0.40301856,0.053399734,3.8122947,0.8330364,0.04398142,327.3792,-1.1130021,438.84586,439.95886,0.012031040143966675,3695.7006402015686,210000
18.17579,0.035379563,-1.7141662,197.20433,-168.16212,2320.4219,423.79996,365.53897,78.25166,0.8574787,0.03144887,2.687997,0.8271358,0.037494145,328.9617,6.102611,440.24805,434.14545,24.143433,0.22881377,-1.6978467,427.8209,375.59988,74.0763,0.6628064,0.038370024,2.3648894,0.88517135,0.04050756,328.95654,3.8257568,444.2687,440.44296,0.01204069905281067,3755.904147386551,215000
16.250175,0.24348482,-1.54423,188.40186,-128.97403,2465.3857,410.75653,436.89215,92.05677,0.99336785,0.020029783,2.5272338,0.81961435,0.016656505,330.3173,9.899681,427.2724,417.3727,18.638025,0.24749078,-1.5118521,419.43414,496.3847,82.762695,2.4967887,0.030269817,2.287732,0.87756115,0.034129716,330.31396,6.517155,435.94983,429.43268,0.012039239931106567,3816.100357055664,220000
16.04797,0.25118434,-1.6615007,222.36858,-121.43249,2071.1577,418.97836,465.43277,83.47281,2.5020769,0.012222414,1.8476477,0.81120527,0.038800385,325.2022,12.285355,435.23846,422.95312,19.51118,0.33870447,-1.6202345,402.1936,573.07184,101.97521,2.3987339,0.038407706,2.5201485,0.88423824,0.028345432,325.19043,3.7697034,418.45312,414.6834,0.012040358781814576,3876.302159547806,225000
15.821152,0.3806328,-1.4601252,127.11142,-146.47311,1856.5549,423.22305,468.2855,78.9019,4.6754684,0.02664951,2.5107224,0.8441178,0.01886949,329.08218,7.6842303,439.67715,431.99292,16.084095,0.1669729,-1.6504455,423.9624,413.4781,78.24899,0.49600312,0.014367126,1.9349117,0.7933723,0.034231536,329.06134,11.725402,440.41547,428.69006,0.012049198961257935,3936.548164367676,230000
13.301836,0.0051197186,-1.6342154,302.18362,-221.80678,3137.7432,434.27155,318.835,67.363434,2.1203134,0.020238712,2.641372,0.73701835,0.035752423,329.44757,9.804784,450.74393,440.93915,10.956035,0.16931772,-1.6465241,447.18726,289.98056,54.142372,0.1386801,0.020908257,2.669203,0.7340482,0.022775976,329.47647,9.585045,463.6611,454.07605,0.012036567640304566,3996.731011390686,235000
12.478048,0.22766922,-1.5911531,117.04106,-167.12209,5036.358,424.98285,379.45474,77.026566,1.7050042,0.09075704,5.323288,0.81030387,0.034367114,329.60028,-13.433533,441.46286,454.8964,15.631532,0.16087463,-1.6693016,416.2373,414.09225,86.21146,4.4360127,0.05532496,3.9910967,0.79561156,0.025154838,329.6303,-1.7552681,432.7188,434.4741,0.012038528442382812,4056.923662662506,240000
20.830639,0.35101065,-1.4983768,380.09494,-262.51483,10095.496,417.1925,420.56827,84.979675,2.757628,0.24585661,8.26279,0.9252411,0.025277447,330.77197,-64.78388,433.7311,498.51498,19.582561,0.09588413,-1.6818573,406.87894,509.05396,96.799164,2.592911,0.05362592,2.9548764,0.88783586,0.036329247,330.80637,-1.1994768,423.41928,424.61874,0.012034187459945679,4117.094608306885,245000
19.158875,0.20072931,-1.6463778,280.66077,-357.5074,3491.7056,430.09442,397.43243,71.73679,3.0265417,0.036247194,2.69598,0.86594725,0.01699334,330.111,4.5399528,446.59998,442.06003,16.454634,0.1389982,-1.6204939,418.06662,434.6044,84.140175,3.7990098,0.024140898,2.1024852,0.85103226,0.043422595,330.1181,8.536558,434.57254,426.03598,0.012043503379821777,4177.312134981155,250000
19.024216,0.21238492,-1.7005671,110.379005,-191.93156,2997.5437,404.58508,497.03076,98.68502,2.2464232,0.0686717,3.649428,0.86948186,0.031314645,330.2322,-6.1659975,421.0967,427.2627,17.23629,0.22790553,-1.6281509,420.13245,483.77118,82.82294,2.5728624,0.017173953,1.9248422,0.8293369,0.05287307,330.2305,10.840162,436.64395,425.8038,0.0120291748046875,4237.458018064499,255000
15.2566595,0.21469586,-1.5397604,244.34253,-250.06645,3202.1604,414.9845,455.96445,87.64695,3.5404258,0.018905144,2.353342,0.83223397,0.027766388,331.70718,10.314387,431.56985,421.25546,16.89023,0.17638277,-1.5222919,413.01382,438.19656,89.67879,6.47532,0.01497705,1.9107454,0.8406662,0.041265406,331.71115,11.617503,429.59937,417.98187,0.012026899147033691,4297.592523574829,260000
15.5744705,0.11826114,-1.6736686,555.5918,-625.18085,17502.715,410.32938,526.3989,93.44478,0.69928753,0.71614856,14.369675,0.86772394,0.018107371,331.22482,-220.64493,426.8906,647.5355,18.06248,0.19665708,-1.5650681,410.14038,520.6292,93.51819,2.0050254,0.034007072,2.2982953,0.8833647,0.034390714,331.30664,5.2985635,426.7057,421.40714,0.01202545509338379,4357.71980881691,265000
14.658766,0.25226355,-1.4903934,139.14651,-329.81467,2407.346,410.99036,557.2174,92.53516,0.95390993,0.008699726,1.8189601,0.7717738,0.056495864,330.36453,13.644146,427.50858,413.86444,14.362221,0.1614479,-1.5878572,413.45374,537.9382,90.294174,0.3710731,1.2371391,18.596592,0.8532375,0.015341051,330.36234,-392.18607,429.97183,822.1579,0.012045034885406494,4417.94499373436,270000
16.15995,0.2463859,-1.5366623,108.14832,-217.8628,3783.283,424.48483,497.1905,77.90553,1.739603,0.059382964,4.070773,0.9160681,0.03257415,330.95657,-3.1053534,441.03265,444.138,15.401837,0.11168889,-1.6853193,414.86212,520.83417,88.12378,1.4001155,0.020976592,2.3545709,0.8131042,0.029676974,330.94946,9.605282,431.4096,421.80432,0.01201821050643921,4478.036056280136,275000
19.719173,0.18041456,-1.5730054,728.84155,-464.7566,6743.5015,401.91956,601.4526,102.621605,0.87329555,0.040386625,2.5071578,0.88439417,0.029293641,332.44427,3.195912,418.54178,415.34586,18.954857,0.16321452,-1.5526309,410.3963,578.64825,93.89804,1.5925173,0.13301903,6.1435084,0.8887409,0.02288608,332.43872,-27.598742,427.01822,454.61697,0.012031610298156739,4538.194116592407,280000
16.823282,0.3831598,-1.5898879,286.3782,-157.98029,3541.8928,421.08682,445.6791,81.24716,2.9109695,0.052891664,3.1662197,0.8633419,0.030118402,331.11996,-0.9574875,437.64282,438.6003,13.977657,0.16892602,-1.6784232,414.4126,426.65152,88.10278,0.9326835,0.022938084,2.1154227,0.7987486,0.032497186,331.12106,8.960771,430.96866,422.00787,0.012015122509002685,4598.269739151001,285000
17.871895,0.2128135,-1.7039295,211.40945,-380.30203,3059.3945,406.8207,515.909,97.22852,2.2371926,0.012501154,1.8261936,0.856184,0.03118408,330.61383,12.397637,423.3514,410.95377,20.997456,0.25256103,-1.6520419,408.0551,581.19885,96.818726,3.0077345,0.044121727,3.3047917,0.8709884,0.04765379,330.60974,1.9434144,424.5856,422.64218,0.012053394126892089,4658.536718845367,290000
15.696341,0.11381527,-1.5486206,53.816624,-174.39581,1491.447,437.2511,274.3612,64.18589,0.8916728,0.013445618,1.7827387,0.80925435,0.0076392656,332.31558,12.147591,453.86688,441.7193,17.277496,0.07089009,-1.6180503,437.999,276.8062,63.440254,4.0417647,0.02184958,2.6469903,0.8168496,0.027460176,332.301,9.354413,454.61404,445.25964,0.012032556009292603,4718.699509859085,295000
16.937836,0.06792532,-1.5425245,148.04106,-235.59859,3065.9587,415.7845,557.91266,87.50486,3.346398,0.027340148,2.5073895,0.8226664,0.021967443,331.68457,7.5159235,432.3687,424.85278,20.071812,0.22247927,-1.6036563,408.88376,515.805,95.21228,0.7599723,0.040040616,2.589495,0.8747386,0.007573914,331.69943,3.3035223,425.46875,422.16522,0.012033400392532348,4778.866520643234,300000
15.749586,0.18752825,-1.6073217,237.79398,-193.86552,3017.9263,416.9089,646.1176,87.18399,1.7960186,0.022534939,1.995661,0.8227949,0.020914467,327.67767,8.999688,433.2928,424.2931,15.389756,0.24031556,-1.6009617,416.8368,544.3945,86.73973,4.3757815,0.04199767,3.1815298,0.8322902,0.003932981,327.6639,2.6220746,433.21997,430.5979,0.08644908199310303,5211.111939668655,305000
20.27081,0.28108597,-1.5716634,224.84314,-347.3155,4149.9517,406.21997,580.12427,98.113174,0.7700915,0.08244993,3.2963183,0.92097175,0.04414157,332.18332,-10.779325,422.82913,433.60846,21.146938,0.3514767,-1.5200924,402.22827,569.04407,103.01819,0.35119832,0.016209465,1.7204448,0.8951709,0.026046176,332.1819,11.224604,418.83737,407.61276,0.012036643981933593,5271.295170307159,310000
18.598804,0.2696868,-1.5453876,215.62186,-243.05301,2965.8503,418.3672,527.7825,84.78676,0.8604705,0.025495589,2.4531481,0.89020467,0.011067592,331.0835,8.113007,434.92136,426.80835,18.27131,0.32938996,-1.6848037,410.9822,556.0503,92.797844,2.0842755,0.095690705,4.971881,0.903273,0.046814397,331.06265,-15.126486,427.53534,442.66183,0.012033860826492309,5331.464485406876,315000
18.937454,0.3633733,-1.577601,389.10056,-261.88522,3653.5444,411.12012,590.8271,92.28141,5.282239,0.030020028,3.0121896,0.8936313,0.03635605,330.92865,6.611945,427.66653,421.0546,18.942144,0.1595527,-1.6164582,409.57184,580.339,94.85901,1.8753303,0.029365359,2.4973247,0.8641238,0.03506863,330.9397,6.828822,426.11884,419.29,0.012044839191436767,5391.688693761826,320000
16.163927,0.11691432,-1.6682575,524.16736,-184.03204,6298.0576,405.094,558.77344,99.551476,3.397552,0.08299176,5.023891,0.8495797,0.020403605,332.33493,-10.964313,421.71072,432.67505,19.728535,0.2562776,-1.6483018,413.7624,547.4519,89.86816,3.198628,0.0383248,2.7609208,0.864871,0.025939569,332.3273,3.8799882,430.37875,426.49878,0.01204435920715332,5451.91050028801,325000
18.799864,0.20217247,-1.648821,236.76613,-152.10132,2669.48,407.18494,499.1375,95.882866,5.661192,0.012695763,1.7677366,0.8515558,0.020715827,334.46747,12.477054,423.9083,411.43124,17.06115,0.24444981,-1.6407745,419.15146,429.7401,83.13131,0.7114445,0.015645888,2.0571394,0.836185,0.033172578,334.45914,11.490047,435.87442,424.38437,0.012042772579193116,5512.12437415123,330000
19.075474,0.25695366,-1.7466933,135.0162,-171.56448,2468.7803,404.50018,533.3424,99.73683,1.4545486,0.022968762,2.2700782,0.84809554,0.016326558,332.18506,8.979374,421.10944,412.13007,19.377296,0.18562615,-1.5599613,410.66013,543.61365,93.70116,1.7674748,0.03760135,3.453972,0.8463322,0.026484963,332.15338,4.118253,427.2678,423.14954,0.012051529216766357,5572.382029056549,335000
17.25867,0.20061469,-1.6189322,87.70887,-124.08495,2220.7788,408.36127,457.71094,94.734436,1.1526273,0.058914915,3.9834692,0.85398805,0.03764189,335.14355,-2.987776,425.11847,428.10623,21.98152,0.21370578,-1.6524508,420.84418,419.59628,81.24255,1.5080823,0.050220557,3.0391824,0.8607817,0.030910391,335.12967,-0.073914796,437.60065,437.67456,0.012034655714035034,5632.555319309235,340000
18.552238,0.12737128,-1.4676497,116.302,-111.62883,1578.1946,412.96863,449.7315,89.7241,3.9517615,0.027705085,2.2129633,0.87285167,0.056768227,333.57712,7.4370737,429.6475,422.21042,18.519709,0.11285455,-1.7051398,408.76086,453.55975,93.96669,4.1736383,0.03900454,3.440186,0.8580359,0.024154311,333.56152,3.6676633,425.43893,421.77127,0.012036489295959473,5692.7377779483795,345000
16.569695,0.32198653,-1.5026695,524.4556,-363.4108,5050.0703,421.79135,496.35284,80.3999,2.0688765,0.023108184,2.2888865,0.8723393,0.009842823,336.10925,9.038589,438.5968,429.55823,21.991117,0.2796924,-1.5998828,417.0727,530.4776,86.04935,0.24356338,0.05324206,3.4465876,0.9069067,0.03839512,336.09354,-1.0896356,433.87738,434.967,0.012019559001922607,5752.835583686829,350000
15.834379,0.12510252,-1.638156,161.7983,-119.21711,2658.4946,402.53995,524.91644,101.955154,2.5601745,0.08302571,4.188321,0.85306203,0.026185067,334.26147,-11.039222,419.25302,430.29224,18.65034,0.37214065,-1.6273255,402.50735,594.4849,102.44361,1.3855737,0.06868693,3.2709305,0.9137963,0.042804122,334.26498,-6.246387,419.22058,425.46698,0.012034181499481201,5813.006501197815,355000
16.660381,0.28285545,-1.5329185,370.0854,-238.44585,3978.7517,418.3468,435.35245,84.167244,3.2385833,0.031566348,2.7443461,0.87620413,0.07261917,332.54117,6.1299486,434.97385,428.8439,17.381763,0.07430608,-1.6645712,413.97842,421.873,88.527054,2.0865712,0.038062975,3.510944,0.8021667,0.045109317,332.53323,3.9694579,430.60507,426.63562,0.012038794231414796,5873.200482845306,360000
18.474066,0.19183725,-1.5098046,332.5316,-159.75972,2929.6118,411.32025,561.1743,92.971375,0.9079227,0.03183368,2.5698302,0.8649741,0.02857529,332.4327,6.0390797,427.9419,421.9028,20.416403,0.23079222,-1.6332138,409.75232,534.5527,94.00328,1.074953,0.046676703,3.181896,0.87906384,0.018673986,332.42053,1.1047325,426.37335,425.26862,0.012038319826126099,5933.392093896866,365000
21.791193,0.3679022,-1.6446174,213.2122,-221.20921,3084.2068,405.42795,576.4791,98.791626,2.1442754,0.047976956,3.2724953,0.9086307,0.011377403,334.10132,0.675902,422.13303,421.45712,18.336712,0.15408957,-1.707822,416.12173,583.8326,86.936066,0.71147275,0.09583797,3.6492481,0.8960779,0.033620063,334.09033,-15.314023,432.82623,448.14026,0.012040281248092652,5993.593510866165,370000
20.254597,0.39848223,-1.4976579,59.71374,-364.40717,2678.3213,411.2937,608.855,92.73866,3.3230455,0.05417172,3.5891352,0.9075868,0.031232294,335.51245,-1.3996633,428.06934,429.469,19.471252,0.19884866,-1.679292,405.69745,576.56506,99.625336,0.35008907,0.030517593,2.8360202,0.8513729,0.0158933,335.50333,6.5364127,422.47263,415.93622,0.012032013368606567,6053.753587961197,375000
16.054054,0.067905426,-1.5655866,192.6364,-212.88383,2825.5146,407.10663,604.9428,96.764694,3.47605,0.038956676,3.1188738,0.8514141,0.02159757,334.40192,3.692909,423.82672,420.13382,17.761189,0.23230426,-1.4889488,421.84488,557.69824,81.16467,2.4876163,0.03436782,2.4048364,0.8630208,0.0077199996,334.4008,5.227414,438.5649,433.3375,0.012034373569488525,6113.925465583801,380000
16.56968,0.31778854,-1.4631083,421.05716,-257.87268,3344.3735,404.4614,607.22516,101.090225,1.5223471,0.022112591,2.2037702,0.8424832,0.007195084,332.50946,9.272827,421.08685,411.81403,19.268848,0.14538747,-1.709445,413.2271,593.764,91.642265,0.8213661,0.033081282,3.1233108,0.86038744,0.04449623,332.50705,5.625593,429.85245,424.22687,0.012048560571670532,6174.168277978897,385000
19.129196,0.17264682,-1.4904621,282.89215,-279.76276,3445.0122,397.20798,612.02466,110.432465,0.9641465,0.032871366,2.3987803,0.89782786,0.056008782,332.2283,5.6906176,413.8194,408.12878,20.28386,0.15796368,-1.6737096,414.29443,619.98584,89.64366,4.5171895,0.08625536,4.010154,0.8952336,0.04009435,332.22906,-12.045083,430.90588,442.95096,0.012059159183502198,6234.464083194733,390000
16.138714,0.24944478,-1.4360257,248.65855,-352.67365,3405.4197,426.97208,302.66336,74.717896,1.7898927,0.011338967,1.7636265,0.8447356,0.03710997,338.50995,13.087144,443.89758,430.81042,18.46289,0.25592664,-1.5882933,426.1445,336.20453,75.69484,1.3052853,0.018618885,2.060732,0.8335271,0.0146441385,338.4906,10.622212,443.06903,432.4468,0.012048219108581544,6294.705193758011,395000
17.68381,0.13721287,-1.511415,770.45074,-1185.9479,8091.2573,416.74533,706.6547,88.37178,2.1049514,0.041134223,2.6054707,0.8454883,0.03304197,333.28726,2.9548507,433.4097,430.45483,17.882256,0.19244215,-1.6894269,407.95825,690.64636,99.71483,0.6682531,0.0135849025,2.0122533,0.7840617,0.021259254,333.27902,12.136389,424.6222,412.4858,0.012046280336380005,6354.936606884003,400000
19.053139,0.16402614,-1.5541377,184.018,-160.34238,2183.7612,412.85437,443.13138,89.803986,2.1015778,0.020397399,2.0571654,0.8413242,0.023570316,334.6964,9.907885,429.5892,419.6813,19.390388,0.13675503,-1.7513441,411.8018,478.2373,90.92012,2.5042782,0.021375664,1.9842966,0.8565649,0.02905273,334.6986,9.580525,428.53674,418.9562,0.08738988623619079,6791.886047363281,405000
18.809647,0.2558422,-1.5355546,440.3408,-241.93666,4031.122,405.52307,677.34576,100.247406,3.2339,0.030073205,2.6641424,0.8911842,0.040409323,333.82614,6.6520853,422.2144,415.5623,19.97789,0.26117232,-1.6635195,403.6286,704.0573,102.66264,2.3145196,0.026376523,2.317456,0.8776846,0.017558737,333.81516,7.8858747,420.31934,412.43347,0.012085952377319336,6852.315819978714,410000
12.691542,0.27628046,-1.5201936,582.99426,-559.73114,5625.5337,414.90497,584.136,89.29943,1.323112,0.048184384,2.873784,0.82546306,0.027067622,335.6584,0.6094271,431.6879,431.07846,14.8916855,0.28124592,-1.6738894,416.45032,582.291,88.078445,2.39375,0.015456524,2.2064188,0.776901,0.021120507,335.6768,11.595444,433.23413,421.6387,0.012036848068237304,6912.500071048737,415000
13.485206,0.055994593,-1.6559018,751.15576,-473.36014,6438.607,402.36304,587.3987,103.85246,1.354392,0.052255087,3.5774055,0.843523,0.0277397,334.30054,-0.7538764,419.07806,419.83194,13.223137,0.0108144805,-1.5897758,401.82947,613.71295,104.56497,2.4954708,0.08968018,4.02198,0.84211004,0.033673,334.3214,-13.265933,418.54553,431.81146,0.012033088064193726,6972.665523052216,420000
18.635914,0.30438003,-1.5183663,353.22604,-331.5773,4043.2769,399.977,619.5481,106.2075,1.2805228,0.05885148,3.573286,0.88958126,0.020564629,334.2471,-2.9585814,416.68933,419.64792,22.031605,0.3172329,-1.5337205,414.01892,584.78076,89.42438,1.6136644,0.033856604,3.1270235,0.88703,0.0051266383,334.2374,5.3957267,430.73077,425.33505,0.012053073024749755,7032.930897474289,425000
18.76101,0.2435755,-1.5488942,363.99493,-633.90173,6805.4775,413.08063,594.34235,91.58011,2.4370093,0.048074476,2.7450957,0.91542614,0.03053656,335.32773,0.6456817,429.84702,429.20132,16.875673,0.09139654,-1.621965,415.51923,546.3394,87.86552,0.88644236,0.026187275,2.0622666,0.8320256,0.004804576,335.32596,7.9850254,432.28552,424.3005,0.0120884521484375,7093.373171806335,430000
20.12741,0.35125497,-1.5442032,125.65264,-178.74007,3110.3792,406.57016,579.6794,98.06647,1.1163278,0.08402796,2.9922311,0.91493124,0.048402607,336.8619,-11.462724,423.41324,434.87598,20.406597,0.23024228,-1.6315804,412.67474,525.1439,90.64618,3.101314,0.14535235,4.577098,0.9144956,0.032462858,336.85117,-32.119553,429.51727,461.63684,0.012088936758041381,7153.817866802216,435000
15.342013,0.08443057,-1.6554258,139.33246,-320.1197,3374.4316,409.04367,490.702,94.599335,5.3815484,0.060693562,2.9199877,0.8220605,0.011358524,335.7714,-3.590592,425.8322,429.42282,15.759779,0.112892345,-1.6370409,401.42664,525.56433,103.51069,1.8273264,0.05512518,4.150906,0.82073563,0.052112684,335.79797,-1.721025,418.21652,419.93756,0.012081975030899047,7214.227751493454,440000
21.001953,0.4607335,-1.6251043,151.80884,-97.609886,1786.5255,407.09027,525.7301,97.58745,2.33414,0.021227028,2.3385584,0.88433456,0.040845346,333.82916,9.605257,423.78174,414.17648,19.717747,0.2173174,-1.6689329,421.78857,545.96027,81.02558,1.3362663,0.029665604,3.0888433,0.8525363,0.05921921,333.822,6.788069,438.47968,431.69162,0.01209332733154297,7274.694396734238,445000
15.562042,0.14343101,-1.635642,129.00827,-144.4006,1791.3005,415.3309,586.9037,88.602264,0.10989808,0.03500559,3.2124066,0.8371906,0.02810697,335.1821,5.0258574,432.09,427.06415,17.165716,0.12263383,-1.6344359,415.49292,618.66705,89.21086,3.4275007,0.023791727,2.1905813,0.83054745,0.028795954,335.18527,8.784628,432.2522,423.46756,0.012081455993652344,7335.101686477661,450000
20.30306,0.33505535,-1.5695198,127.87555,-235.99176,2097.4233,412.46356,638.7007,91.849625,3.1097636,0.01674445,2.1915874,0.84393764,0.0060789976,333.45673,11.089287,429.1364,418.04712,22.564835,0.13394621,-1.8123217,403.887,683.2218,101.49441,0.3955764,0.03715684,3.047247,0.8396625,0.010777747,333.44177,4.282447,420.55908,416.27664,0.012075475263595582,7395.4790716171265,455000
18.796158,0.24092129,-1.6737187,280.21747,-136.88492,3393.9402,409.06927,605.31866,94.23746,4.041868,0.07085447,4.515974,0.87138546,0.004927087,334.29175,-6.971477,425.78387,432.75534,22.347788,0.32208616,-1.633883,407.70728,639.0865,98.524475,2.3620286,0.04604196,2.9119902,0.870783,0.0155754415,334.27454,1.3230716,424.421,423.09793,0.012073984956741333,7455.849005937576,460000
18.620987,0.22323811,-1.6187515,101.223305,-123.43475,1721.723,415.03595,656.96436,90.42308,0.23229599,0.0105507085,1.5336771,0.81435317,0.028553352,333.37534,13.151422,431.7047,418.55328,19.921936,0.39678574,-1.4641924,405.28995,692.9501,101.49527,0.48613176,0.03682898,3.1119375,0.87885046,0.03727444,333.34912,4.390548,421.9574,417.56686,0.012071569633483886,7516.206863641739,465000
17.305283,0.25794697,-1.4753067,2336.011,-1854.822,21461.953,402.3039,595.8398,102.71825,1.6310017,0.15701367,6.750245,0.9091435,0.02535204,333.5539,-35.694828,418.9816,454.67642,18.943443,0.27779165,-1.4846303,410.38293,617.99164,94.813354,1.8301688,0.06059336,2.5137198,0.9025254,0.027595777,333.58377,-3.5337725,427.0621,430.5959,0.01207039680480957,7576.55885720253,470000
17.341206,0.26104385,-1.6114682,1187.729,-1060.0715,12688.507,408.85632,632.22876,96.35246,2.3990154,0.05342502,2.396417,0.9229893,0.026138892,334.0803,-1.1442319,425.56033,426.70456,16.547398,0.21590479,-1.6892812,413.44635,618.05817,90.925354,1.3074856,0.07179519,3.5680523,0.8198225,0.06797336,334.0838,-7.281419,430.1505,437.43195,0.012064727163314819,7636.882504463196,475000
13.787173,0.19995335,-1.6139704,58.232605,-58.0324,1397.495,425.91852,472.30508,76.178925,7.5270658,0.02129982,2.345707,0.7830633,0.032007065,335.28342,9.622695,442.68268,433.06,12.214328,0.12404044,-1.7304771,417.60748,543.09326,85.68548,3.2069147,0.011792079,1.8849303,0.77221274,0.02301557,335.28088,12.810386,434.37152,421.56113,0.012086227416992187,7697.313650131226,480000
15.988835,0.035620485,-1.8213232,636.7562,-427.6776,6168.2925,409.31598,588.3441,95.22086,1.1557225,0.040046412,2.59518,0.83757526,0.024175266,334.4311,3.3287895,426.03754,422.70874,18.234419,0.23207563,-1.5298619,408.98218,598.07074,95.836136,1.0938524,0.10086338,4.385388,0.8653125,0.022863185,334.4067,-17.009056,425.7025,442.71158,0.012080550909042358,7757.7164142131805,485000
19.525448,0.33179575,-1.5721192,170.74902,-142.2753,2197.6807,420.5122,566.46783,82.5547,3.0381067,0.021173649,2.4768972,0.87811995,0.03330644,333.79178,9.622,437.2018,427.5798,19.502058,0.22344604,-1.7175761,408.34186,641.4649,96.73128,4.1012497,0.017693184,2.1643958,0.834805,0.018396895,333.8104,10.784351,425.03238,414.24802,0.012080784702301025,7818.120347261429,490000
18.013416,0.169293,-1.7140589,439.7197,-761.57965,5922.7793,418.73914,553.6104,84.64755,1.3063719,0.020824712,1.9555455,0.86735183,0.021666817,336.0653,9.804803,435.54242,425.7376,21.65295,0.26931924,-1.5989043,419.17804,516.16846,83.81397,1.0856785,0.20589949,7.2356505,0.91153985,0.021764815,336.19516,-52.412655,435.9878,488.40045,0.012083516645431518,7878.53794169426,495000
20.13232,0.2008758,-1.5253739,83.1917,-69.453,2101.3848,407.32935,494.3309,96.381485,1.7254196,0.053150084,2.8462582,0.8764119,0.021645222,333.88617,-1.0517691,424.02368,425.07544,18.912003,0.24631286,-1.54655,405.23093,586.7403,98.58666,1.3780316,0.020471882,1.8501054,0.85687995,0.031888805,333.87646,9.858744,421.92474,412.066,0.012073343229293824,7938.904667139053,500000
