training/grad/max,training/grad/min,training/grad/norm,training/high_actor/actor_loss,training/high_actor/adv,training/high_actor/bc_log_prob,training/high_actor/mse,training/high_actor/std,training/low_actor/actor_loss,training/low_actor/adv,training/low_actor/bc_log_prob,training/value/v_max,training/value/v_mean,training/value/v_min,training/value/value_loss,validation/high_actor/actor_loss,validation/high_actor/adv,validation/high_actor/bc_log_prob,validation/high_actor/mse,validation/high_actor/std,validation/low_actor/actor_loss,validation/low_actor/adv,validation/low_actor/bc_log_prob,validation/value/v_max,validation/value/v_mean,validation/value/v_min,validation/value/value_loss,time/epoch_time,time/total_time,step
0.24488068,-1.0438725,10.766893,9.187627,-9.8777935e-05,-9.1900625,0.00013539543,1.0,1.8381506,5.322043e-05,-1.8389628,-1.8280234,-1.837263,-1.8449154,1.2510087,9.183942,-0.00022614887,-9.190002,0.00012344231,1.0,1.9024453,-3.9068982e-07,-1.9030929,-1.8301411,-1.8360056,-1.8413515,1.3352715,0.14100198922157287,705.0099952220917,5000
0.53317475,-0.15562434,9.351154,9.19137,-4.8442744e-05,-9.192672,0.00065722625,1.0,1.829763,-3.92613e-05,-1.8293386,-1.7059274,-1.7066507,-1.7079723,1.1772988,9.192266,-2.3307744e-05,-9.192867,0.00069656357,1.0,1.7345467,-4.2403582e-05,-1.7339242,-1.7177348,-1.7185836,-1.7198936,1.3582962,0.018673959493637086,798.3798053264618,10000
0.13658398,-0.48502064,7.203546,9.187924,-6.9784466e-05,-9.189774,7.770934e-05,1.0,1.8411944,-9.211665e-05,-1.8424166,-1.7014508,-1.7034075,-1.7054036,1.2916534,9.190517,2.6138965e-05,-9.189728,6.85653e-05,1.0,1.7376755,5.5083074e-05,-1.737865,-1.7028627,-1.7047752,-1.7066654,1.1822572,0.018585964584350585,891.3096401691437,15000
0.10453987,-0.18797755,5.5503078,9.190044,1.8186867e-05,-9.189535,3.0147114e-05,1.0,1.7731287,3.0845404e-06,-1.7730699,-1.7369182,-1.7375354,-1.7381961,1.2590075,9.189534,-1.8402934e-06,-9.189577,3.8485876e-05,1.0,1.7788553,2.7757604e-05,-1.7786351,-1.7334644,-1.734102,-1.7347877,1.2018255,0.018653477382659912,984.5770378112793,20000
0.1508941,-1.6683204,10.44806,9.190224,-4.5681372e-07,-9.190237,0.00017031771,1.0,1.5742394,-3.8184226e-07,-1.5742384,-1.6527301,-1.652739,-1.6527481,1.4476335,9.190166,-1.3504177e-08,-9.190167,0.00015643658,1.0,1.5968297,-4.2375177e-08,-1.5968277,-1.6408613,-1.6408689,-1.6408784,1.370761,0.018644078826904296,1077.7974452972412,25000
0.092512734,-2.2453995,11.996183,9.189512,1.792796e-07,-9.189507,2.4411142e-05,1.0,1.519067,2.1839514e-07,-1.5190649,-1.6893275,-1.6893289,-1.6893461,1.4482841,9.189475,-1.5320256e-07,-9.189478,1.8746945e-05,1.0,1.6037753,-2.0675361e-07,-1.6037757,-1.6803885,-1.6803896,-1.6803944,1.2472266,0.01854575729370117,1170.5262417793274,30000
0.19710833,-0.5289554,8.208711,9.18944,1.44355e-08,-9.18944,1.0925868e-05,1.0,1.5701773,6.0535967e-09,-1.5701773,-1.6663967,-1.6663971,-1.6663977,1.3250532,9.189497,-7.450581e-09,-9.189497,2.2303328e-05,1.0,1.5983431,-6.0535967e-09,-1.5983433,-1.6636424,-1.6636429,-1.6636435,1.286486,0.018505498027801513,1263.0537419319153,35000
1.563178,-0.19298702,9.756391,9.18939,-1.1641532e-08,-9.18939,1.0367561e-06,1.0,1.56115,-8.381903e-09,-1.5611501,-1.6496017,-1.6496024,-1.6496029,1.1699053,9.189392,4.33065e-08,-9.18939,1.0641751e-06,1.0,1.5995941,4.5169145e-08,-1.5995939,-1.6467013,-1.6467018,-1.6467028,1.3313887,0.018499903964996338,1355.553272485733,40000
0.5933386,-0.10891389,7.299304,9.189443,7.450581e-09,-9.189443,1.1436627e-05,1.0,1.6505244,-2.3283064e-09,-1.6505244,-1.6913888,-1.6913891,-1.6913894,1.1984491,9.18943,1.5832484e-08,-9.18943,9.016386e-06,1.0,1.5269208,2.7939677e-09,-1.5269208,-1.6890084,-1.6890087,-1.6890094,1.2923185,0.0185401481628418,1448.2540271282196,45000
1.4539163,-0.20003076,8.76705,9.189402,-2.0023435e-08,-9.189402,3.41312e-06,1.0,1.6015909,-2.2351742e-08,-1.6015911,-1.6507696,-1.6507719,-1.6507722,1.1822665,9.189405,-5.448237e-08,-9.189405,4.1773865e-06,1.0,1.5207174,2.7939677e-09,-1.5207176,-1.6526213,-1.6526223,-1.6526287,1.2318224,0.01852486686706543,1540.8783688545227,50000
0.32477847,-0.17523217,6.472812,9.189386,-6.0535967e-09,-9.189386,3.227794e-07,1.0,1.5354944,1.2572855e-08,-1.5354944,-1.689358,-1.6893585,-1.6893587,1.2294481,9.189388,-1.071021e-08,-9.189388,5.6944884e-07,1.0,1.633237,-1.8626451e-09,-1.6332371,-1.6943252,-1.6943254,-1.6943266,1.2292614,0.01866747922897339,1634.2157769203186,55000
0.3829736,-0.27228662,7.9622707,9.189394,1.7695129e-08,-9.189394,1.661641e-06,1.0,1.509605,9.313226e-09,-1.5096049,-1.6889371,-1.6889372,-1.6889393,1.2723229,9.189392,-1.8626451e-09,-9.189393,1.5733731e-06,1.0,1.572374,2.3283064e-09,-1.5723741,-1.6882296,-1.6882297,-1.68823,1.3256011,0.018553820610046387,1726.9848923683167,60000
0.8567327,-0.1253191,6.988017,9.189386,8.8475645e-09,-9.189386,3.877454e-07,1.0,1.5313917,1.7229468e-08,-1.5313917,-1.7097938,-1.709794,-1.7097962,1.1774492,9.189386,3.259629e-09,-9.189385,1.7457494e-07,1.0,1.4672674,6.0535967e-09,-1.4672675,-1.7117493,-1.7117498,-1.7117498,1.3020928,0.018679118156433104,1820.3804941177368,65000
0.2615255,-1.3240695,9.292126,9.189386,-2.6542693e-08,-9.189385,1.4667069e-07,1.0,1.4770823,-1.6763806e-08,-1.4770824,-1.6867777,-1.6867781,-1.6867782,1.3381087,9.189384,-9.313226e-09,-9.189385,1.179434e-07,1.0,1.6092912,-1.8626451e-08,-1.6092913,-1.6841667,-1.6841669,-1.6841671,1.3909291,0.018520338439941407,1912.9821968078613,70000
0.24214695,-1.5097226,10.148626,9.189386,-4.1909516e-09,-9.189385,1.5304407e-07,1.0,1.5368888,-5.5879354e-09,-1.536889,-1.7527455,-1.7527456,-1.7527461,1.3152156,9.189386,1.8626451e-09,-9.189386,2.1915267e-07,1.0,1.5561571,4.656613e-10,-1.5561571,-1.748342,-1.7483425,-1.7483425,1.1229157,0.01877787895202637,2006.871601343155,75000
0.20531495,-1.5213933,11.109259,9.189386,-9.313226e-10,-9.189384,1.3257689e-07,1.0,1.5694749,-4.1909516e-09,-1.5694749,-1.6723566,-1.6723568,-1.6723571,1.3693718,9.189386,-3.7252903e-09,-9.189385,1.947102e-07,1.0,1.5074501,-4.656613e-09,-1.5074503,-1.6676185,-1.6676188,-1.667619,1.2267694,0.018679421520233153,2100.268720626831,80000
0.14226766,-0.17866135,6.3907876,9.189384,2.7939677e-09,-9.189384,1.16100786e-07,1.0,1.4699645,-3.7252903e-09,-1.4699645,-1.6672311,-1.6672313,-1.6672316,1.2567599,9.189384,-1.1175871e-08,-9.189384,6.877698e-08,1.0,1.5197444,8.8475645e-09,-1.5197443,-1.6706045,-1.6706047,-1.6706066,1.4256684,0.018526908016204834,2192.903272628784,85000
0.21930581,-0.15965624,6.1780806,9.189392,3.259629e-09,-9.189392,1.4359293e-06,1.0,1.558135,-8.8475645e-09,-1.558135,-1.6362262,-1.6362264,-1.6362265,1.2766316,9.18939,-9.313226e-09,-9.18939,8.4543854e-07,1.0,1.5641398,6.9849193e-09,-1.5641398,-1.6352109,-1.635211,-1.6352113,1.2157338,0.01852953429222107,2285.5509536266327,90000
1.2745061,-0.11514062,9.1438,9.189384,3.259629e-09,-9.189385,7.959369e-08,1.0,1.3964605,-1.1641532e-08,-1.3964605,-1.668931,-1.6689315,-1.6689324,1.1716487,9.189384,-2.3283064e-09,-9.189384,6.39134e-08,1.0,1.5169303,-7.916242e-09,-1.5169303,-1.6705723,-1.6705725,-1.670573,1.210242,0.018546504878997803,2378.283489227295,95000
0.16118762,-0.78211707,8.470045,9.189388,6.519258e-09,-9.189388,6.6507556e-07,1.0,1.4969177,4.656613e-09,-1.4969177,-1.7129989,-1.7129992,-1.7129993,1.3039947,9.189386,-1.9092113e-08,-9.189386,2.408918e-07,1.0,1.5700753,-9.313226e-09,-1.5700754,-1.7142658,-1.7142658,-1.7142661,1.2346694,0.018619118022918702,2471.379090309143,100000
0.16511238,-0.16033259,6.3257856,9.189386,4.1909516e-09,-9.189386,3.464779e-07,1.0,1.4690747,-4.1909516e-09,-1.4690747,-1.6836408,-1.6836412,-1.6836412,1.2297392,9.189398,6.0535967e-09,-9.189398,2.5204215e-06,1.0,1.6468949,9.313226e-10,-1.6468949,-1.6826067,-1.6826067,-1.6826069,1.3094406,0.1335888957500458,3139.3235828876495,105000
0.5302809,-0.18649825,7.831532,9.189386,-1.8626451e-09,-9.189385,1.9712603e-07,1.0,1.5858462,-1.3038516e-08,-1.5858464,-1.6927171,-1.6927173,-1.6927173,1.2190604,9.189386,-1.1175871e-08,-9.189386,2.8088544e-07,1.0,1.6385292,-4.656613e-10,-1.6385292,-1.6950914,-1.6950915,-1.6950917,1.2863282,0.018737416172027586,3233.010678768158,110000
0.18366517,-0.695391,9.691082,9.189386,4.1909516e-09,-9.189385,2.9242824e-07,1.0,1.4620473,3.259629e-09,-1.4620473,-1.6997364,-1.6997366,-1.6997368,1.2939649,9.189384,-4.656613e-10,-9.189384,7.869817e-08,1.0,1.54147,0.0,-1.5414699,-1.7018412,-1.7018414,-1.7018416,1.3352394,0.01855199499130249,3325.770665407181,115000
1.7944584,-0.19466095,10.842431,9.189385,4.656613e-09,-9.189385,1.1086194e-07,1.0,1.5072618,1.21071935e-08,-1.5072616,-1.6521606,-1.6521606,-1.6521609,1.1446909,9.189385,4.656613e-10,-9.189385,1.4498332e-07,1.0,1.5730853,-4.656613e-10,-1.5730853,-1.6528746,-1.652875,-1.6528751,1.3080161,0.018550875568389892,3418.525055170059,120000
0.68953717,-0.18478593,9.701307,9.189385,7.916242e-09,-9.189385,9.84694e-08,1.0,1.5567522,3.7252903e-09,-1.5567521,-1.6665866,-1.6665869,-1.6665869,1.2032053,9.189392,-4.656613e-09,-9.189392,1.4459191e-06,1.0,1.5460862,-6.0535967e-09,-1.5460862,-1.6650989,-1.6650991,-1.6650993,1.1775696,0.01855230016708374,3511.286565542221,125000
0.14422219,-1.844317,10.952578,9.189385,-7.916242e-09,-9.189385,2.0002722e-07,1.0,1.3958502,-9.313226e-10,-1.3958502,-1.668418,-1.6684182,-1.6684184,1.3942487,9.189388,9.313226e-10,-9.189388,5.017503e-07,1.0,1.6009548,-1.3969839e-09,-1.6009548,-1.6606238,-1.6606238,-1.6606243,1.278017,0.018650284147262573,3604.5379967689514,130000
0.7602436,-0.28684318,12.745888,9.189386,6.9849193e-09,-9.189385,1.756848e-07,1.0,1.5437441,3.7252903e-09,-1.5437441,-1.6834401,-1.6834402,-1.6834404,1.1987064,9.189384,4.656613e-10,-9.189385,9.565263e-08,1.0,1.6412959,0.0,-1.6412959,-1.6827414,-1.6827414,-1.6827419,1.370804,0.01889121012687683,3698.994057416916,135000
0.34036744,-0.28847826,9.406265,9.189392,-3.7252903e-09,-9.189392,1.2732906e-06,1.0,1.4465581,-8.381903e-09,-1.4465581,-1.672458,-1.6724584,-1.6724584,1.2379757,9.189386,2.3283064e-09,-9.189385,9.304292e-08,1.0,1.5548892,3.7252903e-09,-1.5548892,-1.6717231,-1.6717234,-1.6717236,1.2249908,0.01870251054763794,3792.5066208839417,140000
0.24668422,-1.2431892,10.905596,9.189384,-2.7939677e-09,-9.189384,4.5411475e-08,1.0,1.4898782,-7.450581e-09,-1.4898782,-1.6643579,-1.664358,-1.6643581,1.3535104,9.189392,-5.5879354e-09,-9.189391,1.1042372e-06,1.0,1.5444334,-3.7252903e-09,-1.5444334,-1.6601727,-1.6601727,-1.6601729,1.1874592,0.018551762104034423,3885.26544213295,145000
0.3562844,-1.5892004,12.629251,9.189386,-7.450581e-09,-9.189385,2.7291512e-07,1.0,1.3856608,-9.313226e-09,-1.3856608,-1.6901302,-1.6901302,-1.6901305,1.3544564,9.189388,-4.1909516e-09,-9.189388,6.767057e-07,1.0,1.6625383,-6.0535967e-09,-1.6625383,-1.6882238,-1.6882238,-1.6882241,1.3675325,0.018489979362487793,3977.715349674225,150000
0.18026428,-1.8544381,12.1336975,9.189385,-5.122274e-09,-9.189385,2.093592e-07,1.0,1.5308928,0.0,-1.5308927,-1.6873385,-1.6873386,-1.6873387,1.3939704,9.189386,-2.7939677e-09,-9.189385,2.7430974e-07,1.0,1.468017,-4.656613e-10,-1.468017,-1.6868254,-1.6868255,-1.6868255,1.4336829,0.018487130117416383,4070.1510124206543,155000
1.5686718,-0.26282436,13.066437,9.189388,1.4901161e-08,-9.189388,4.7723967e-07,1.0,1.4306837,-9.313226e-10,-1.4306837,-1.666074,-1.6660743,-1.6660743,1.1641108,9.189386,6.9849193e-09,-9.189385,1.4340162e-07,1.0,1.6253511,8.8475645e-09,-1.625351,-1.6691523,-1.6691523,-1.6691525,1.2667348,0.018539446783065797,4162.848256587982,160000
1.2066301,-0.49577132,12.69367,9.189388,2.3283064e-09,-9.189388,6.392861e-07,1.0,1.4703152,-4.1909516e-09,-1.4703155,-1.6422846,-1.6422846,-1.6422849,1.1944294,9.189398,1.3969839e-09,-9.189397,2.3288899e-06,1.0,1.4993951,2.7939677e-09,-1.4993951,-1.6448063,-1.6448061,-1.6448065,1.1815159,0.018629438638687133,4255.995459794998,165000
0.15995221,-1.4000354,11.913475,9.189384,-2.3283064e-09,-9.189385,8.7370395e-08,1.0,1.4424809,1.3969839e-09,-1.4424808,-1.6930424,-1.6930428,-1.6930428,1.3499905,9.189386,-4.656613e-10,-9.189387,4.6109298e-07,1.0,1.5894036,-4.656613e-10,-1.5894036,-1.6933086,-1.6933087,-1.6933088,1.4038948,0.018499310064315797,4348.49202299118,170000
1.5007377,-0.26085103,13.460093,9.189384,2.3283064e-09,-9.189385,1.214444e-07,1.0,1.4576509,0.0,-1.4576509,-1.657413,-1.6574132,-1.6574132,1.1436679,9.189384,0.0,-9.189385,1.2586509e-07,1.0,1.7117449,-1.3969839e-09,-1.7117449,-1.6592247,-1.6592247,-1.659225,1.220054,0.018549449825286866,4441.239282131195,175000
1.6770555,-0.39948085,14.487666,9.189396,4.656613e-10,-9.189396,2.2066222e-06,1.0,1.4976064,-1.8626451e-09,-1.4976063,-1.6748624,-1.6748626,-1.6748627,1.1495651,9.189395,3.259629e-09,-9.189395,1.9912482e-06,1.0,1.6064484,-2.7939677e-09,-1.6064484,-1.6794043,-1.6794043,-1.6794045,1.2932267,0.018509970998764037,4533.78914809227,180000
0.5979743,-0.31197727,11.838233,9.189386,-3.259629e-09,-9.189385,3.4910119e-07,1.0,1.436999,-3.259629e-09,-1.436999,-1.7200227,-1.7200229,-1.720023,1.1899067,9.189386,2.3283064e-09,-9.189385,4.0463874e-07,1.0,1.6161876,-3.7252903e-09,-1.6161873,-1.7186106,-1.7186108,-1.7186109,1.2182021,0.018497190856933594,4626.275112628937,185000
0.22508767,-0.2698144,10.623203,9.189388,-1.8626451e-09,-9.189387,4.5648417e-07,1.0,1.4979331,0.0,-1.4979331,-1.7071052,-1.7071054,-1.7071054,1.224309,9.189386,-6.9849193e-09,-9.189385,1.5327886e-07,1.0,1.6710254,-2.3283064e-09,-1.6710254,-1.7082188,-1.708219,-1.708219,1.1967745,0.018524373722076416,4718.897004127502,190000
0.61639315,-0.6518647,14.21443,9.189386,4.656613e-10,-9.189385,2.3368578e-07,1.0,1.3655267,-2.3283064e-09,-1.3655267,-1.6851945,-1.6851945,-1.6851947,1.2550151,9.189386,1.3969839e-09,-9.189385,1.0368171e-07,1.0,1.6491501,4.656613e-10,-1.6491501,-1.6872251,-1.6872253,-1.6872253,1.3882093,0.018503898906707762,4811.4165098667145,195000
0.61115867,-2.9010105,18.242542,9.189386,-5.122274e-09,-9.189385,2.6892118e-07,1.0,1.3436828,4.656613e-10,-1.3436828,-1.6789606,-1.6789608,-1.6789608,1.4474852,9.189392,4.656613e-09,-9.189391,1.1352003e-06,1.0,1.6012692,-3.259629e-09,-1.6012692,-1.6758902,-1.6758902,-1.6758904,1.3156404,0.018494064569473268,4903.886845111847,200000
0.5182483,-0.4353519,14.044598,9.189384,4.1909516e-09,-9.189385,1.8871718e-07,1.0,1.2773715,9.313226e-10,-1.2773714,-1.6762424,-1.6762426,-1.6762426,1.2962124,9.189384,0.0,-9.189385,1.0505577e-07,1.0,1.6823547,-6.519258e-09,-1.6823547,-1.6738143,-1.6738145,-1.6738147,1.2440464,0.13375842108726502,5572.678961992264,205000
0.54661626,-0.38994,14.349462,9.189384,9.313226e-10,-9.189385,1.4861678e-07,1.0,1.3967696,8.8475645e-09,-1.3967696,-1.6705232,-1.6705232,-1.6705234,1.2937603,9.189386,1.8626451e-09,-9.189385,2.444796e-07,1.0,1.720389,-6.9849193e-09,-1.720389,-1.6691885,-1.6691887,-1.6691889,1.2420194,0.01849588580131531,5665.158401489258,210000
0.5909925,-0.9392112,14.718484,9.189386,-2.7939677e-09,-9.189387,4.560794e-07,1.0,1.3586377,-3.7252903e-09,-1.3586377,-1.6435426,-1.643543,-1.6435429,1.3289417,9.189386,4.656613e-10,-9.189385,3.4144333e-07,1.0,1.7194232,9.313226e-10,-1.7194232,-1.6414602,-1.6414603,-1.6414603,1.4520164,0.018547155237197875,5757.894190788269,215000
0.24867316,-0.9603338,13.231741,9.189384,-1.071021e-08,-9.189385,5.27059e-08,1.0,1.509996,-1.21071935e-08,-1.509996,-1.7018163,-1.7018166,-1.7018166,1.3160743,9.189386,4.1909516e-09,-9.189385,1.4165342e-07,1.0,1.5508668,1.071021e-08,-1.5508668,-1.6998801,-1.6998804,-1.6998805,1.3430783,0.018522338342666627,5850.505893468857,220000
0.52288675,-0.3562327,12.101545,9.189385,1.3969839e-09,-9.189385,6.301817e-08,1.0,1.2909493,0.0,-1.2909495,-1.6794395,-1.6794395,-1.6794398,1.2295089,9.189385,0.0,-9.189385,9.518027e-08,1.0,1.674607,3.259629e-09,-1.674607,-1.6785774,-1.6785777,-1.6785779,1.2164345,0.018512841033935547,5943.070109128952,225000
0.29262167,-1.3263323,15.368539,9.189387,-7.916242e-09,-9.189387,4.7218364e-07,1.0,1.3764826,4.1909516e-09,-1.3764825,-1.682863,-1.6828632,-1.6828635,1.3547072,9.189388,5.122274e-09,-9.189388,5.187013e-07,1.0,1.7124262,-1.3969839e-09,-1.7124262,-1.6808355,-1.6808357,-1.6808357,1.2886919,0.0185543981552124,6035.842109918594,230000
0.33877575,-0.44360617,15.057935,9.189384,1.0244548e-08,-9.189384,6.2385155e-08,1.0,1.3487399,-3.7252903e-09,-1.3487401,-1.6751176,-1.6751177,-1.675118,1.2460973,9.189384,-3.259629e-09,-9.189385,7.607827e-08,1.0,1.6419989,-1.0244548e-08,-1.641999,-1.6763556,-1.6763556,-1.6763558,1.3378813,0.018512319946289064,6128.4037210941315,235000
0.7073605,-0.31978288,17.381815,9.189386,5.5879354e-09,-9.189387,4.5987926e-07,1.0,1.2948546,3.7252903e-09,-1.2948546,-1.6633977,-1.6633978,-1.6633978,1.2255166,9.189386,-4.656613e-10,-9.189385,8.6146905e-08,1.0,1.7079383,6.9849193e-09,-1.7079382,-1.6625359,-1.6625363,-1.6625361,1.2127361,0.0185218141078949,6221.012804269791,240000
0.9189404,-0.38443923,15.733988,9.189388,2.3283064e-09,-9.189388,6.049678e-07,1.0,1.3778757,4.656613e-10,-1.3778757,-1.6747069,-1.6747072,-1.674707,1.1919535,9.189386,3.259629e-09,-9.189385,2.9599298e-07,1.0,1.743192,-9.778887e-09,-1.743192,-1.6746087,-1.674609,-1.674609,1.152731,0.018554786729812624,6313.786746740341,245000
2.0569859,-0.21666563,14.054837,9.189384,-1.3038516e-08,-9.189385,7.2721576e-08,1.0,1.299582,-6.0535967e-09,-1.2995821,-1.6830633,-1.6830635,-1.6830635,1.1448519,9.189384,-9.313226e-09,-9.189385,6.4187105e-08,1.0,1.6353725,-1.3969839e-09,-1.6353725,-1.687494,-1.6874943,-1.6874943,1.3829527,0.018522346353530884,6406.398488998413,250000
0.38167903,-0.89461416,15.414921,9.189384,3.259629e-09,-9.189385,5.8651462e-08,1.0,1.3859547,8.381903e-09,-1.3859546,-1.7059729,-1.7059729,-1.7059731,1.2972388,9.189386,6.0535967e-09,-9.189385,1.9740563e-07,1.0,1.6637163,-9.313226e-10,-1.6637163,-1.7048924,-1.7048926,-1.7048928,1.1188298,0.018502682924270628,6498.911916732788,255000
0.2249472,-0.45300716,13.930403,9.189384,1.3969839e-09,-9.189385,1.03395735e-07,1.0,1.3563778,2.3283064e-09,-1.3563778,-1.6498022,-1.6498022,-1.6498024,1.2853768,9.189386,-3.7252903e-09,-9.189385,1.670275e-07,1.0,1.6947308,1.21071935e-08,-1.6947305,-1.6501575,-1.6501579,-1.6501579,1.1482744,0.018542878532409667,6591.626322507858,260000
0.4198094,-0.62954766,16.45337,9.189388,5.5879354e-09,-9.189388,7.5281014e-07,1.0,1.4045312,4.656613e-09,-1.4045312,-1.6644397,-1.6644399,-1.6644399,1.294942,9.189386,-1.5366822e-08,-9.189385,2.799628e-07,1.0,1.6263738,-7.450581e-09,-1.6263738,-1.6646538,-1.6646538,-1.664654,1.1924905,0.01857760920524597,6684.514385461807,265000
1.0269892,-0.45802873,19.137436,9.189384,2.7939677e-09,-9.189385,1.0894151e-07,1.0,1.3627267,1.3969839e-09,-1.3627267,-1.6664282,-1.6664283,-1.6664284,1.1912348,9.189384,-2.7939677e-09,-9.189385,9.7219804e-08,1.0,1.7807739,1.3969839e-09,-1.7807741,-1.6667467,-1.6667471,-1.6667472,1.2299087,0.018889203691482545,6778.960415840149,270000
0.3650148,-1.3621722,15.751723,9.189386,1.5832484e-08,-9.189385,8.9662855e-08,1.0,1.3261509,-1.1641532e-08,-1.3261509,-1.6814051,-1.6814055,-1.6814057,1.3195244,9.189386,1.3969839e-09,-9.189385,2.5075525e-07,1.0,1.641798,3.259629e-09,-1.641798,-1.6810459,-1.6810458,-1.681046,1.2002836,0.01878956251144409,6872.908238887787,275000
2.5106685,-0.6173296,23.568586,9.189386,-1.3969839e-09,-9.189385,1.4661664e-07,1.0,1.5148854,-4.656613e-10,-1.5148854,-1.6839522,-1.6839523,-1.6839523,1.1169035,9.189384,-2.3283064e-09,-9.189385,1.0222957e-07,1.0,1.5697482,-3.7252903e-09,-1.5697482,-1.6853135,-1.6853135,-1.6853137,1.2886298,0.018510085105895996,6965.4586770534515,280000
0.8449213,-0.36016774,16.665707,9.189385,6.9849193e-09,-9.189385,1.3680925e-07,1.0,1.427733,-1.6763806e-08,-1.4277332,-1.690119,-1.690119,-1.6901193,1.2056539,9.189384,2.3283064e-09,-9.189385,7.404034e-08,1.0,1.8275323,6.0535967e-09,-1.8275323,-1.6908325,-1.6908324,-1.6908327,1.2457441,0.018555027103424073,7058.233825683594,285000
2.2582998,-0.24779683,15.490342,9.189384,5.122274e-09,-9.189384,6.140239e-08,1.0,1.3415526,4.1909516e-09,-1.3415527,-1.6775413,-1.6775415,-1.6775415,1.1171379,9.189384,4.656613e-10,-9.189385,1.0955153e-07,1.0,1.6560445,2.7939677e-09,-1.6560445,-1.678751,-1.678751,-1.6787512,1.2615774,0.01856245069503784,7151.0460884571075,290000
0.42403543,-0.4005214,15.091658,9.189388,-4.656613e-10,-9.189388,6.221241e-07,1.0,1.3740592,1.8626451e-09,-1.3740592,-1.7158705,-1.7158707,-1.7158707,1.2461066,9.189386,-6.9849193e-09,-9.189385,1.6919827e-07,1.0,1.6171457,-8.381903e-09,-1.6171458,-1.716435,-1.716435,-1.7164352,1.2322674,0.01847482032775879,7243.420204162598,295000
0.4031375,-0.67340434,17.554768,9.189384,-1.0244548e-08,-9.189385,5.1478583e-08,1.0,1.274366,-4.1909516e-09,-1.274366,-1.6912532,-1.6912534,-1.6912535,1.2466412,9.189385,0.0,-9.189385,1.2903554e-07,1.0,1.6698095,0.0,-1.6698095,-1.6916015,-1.6916016,-1.6916015,1.2466438,0.018504058361053465,7335.9405064582825,300000
0.57238585,-3.1362324,24.285566,9.189384,-6.519258e-09,-9.189384,2.7239116e-08,1.0,1.3293452,-6.0535967e-09,-1.3293453,-1.7243588,-1.7243592,-1.7243593,1.4309146,9.189384,1.3969839e-09,-9.189385,1.7167486e-07,1.0,1.7662582,4.656613e-10,-1.7662581,-1.7231354,-1.7231352,-1.7231356,1.3459072,0.13376120772361755,8004.746555089951,305000
0.3073953,-1.0237025,17.483011,9.189384,5.5879354e-09,-9.189384,4.9753385e-08,1.0,1.3604462,1.3969839e-09,-1.3604461,-1.6944823,-1.6944826,-1.6944824,1.3027438,9.189384,1.8626451e-09,-9.189384,5.020804e-08,1.0,1.7660657,5.5879354e-09,-1.7660657,-1.6944987,-1.694499,-1.694499,1.1946807,0.01849321608543396,8097.212645769119,310000
0.48099396,-1.7454805,22.345722,9.189386,-5.5879354e-09,-9.189385,1.7908924e-07,1.0,1.2610912,-2.3283064e-09,-1.2610912,-1.6682456,-1.6682456,-1.6682459,1.3633912,9.189384,2.3283064e-09,-9.189385,1.4222057e-07,1.0,1.7154402,9.313226e-09,-1.71544,-1.6676905,-1.6676905,-1.6676908,1.2857969,0.018566112470626832,8190.043221712112,315000
1.8530569,-0.52701867,23.972677,9.189386,1.3969839e-09,-9.189385,8.581776e-08,1.0,1.4282266,-9.313226e-10,-1.4282266,-1.6495668,-1.6495669,-1.649567,1.1466421,9.189386,-2.3283064e-09,-9.189385,3.6988206e-07,1.0,1.7490914,-9.313226e-10,-1.7490914,-1.6497447,-1.6497449,-1.6497449,1.3098953,0.018603918647766112,8283.062824010849,320000
1.4820874,-0.51658773,19.80231,9.189384,-4.656613e-10,-9.189384,4.098365e-08,1.0,1.2653029,-4.656613e-10,-1.2653029,-1.6927735,-1.6927737,-1.6927737,1.165453,9.189384,1.2572855e-08,-9.189384,2.5031435e-08,1.0,1.6887901,4.1909516e-09,-1.6887901,-1.6907463,-1.6907463,-1.6907465,1.232691,0.018540947675704956,8375.767571687698,325000
0.43074065,-0.28290078,16.554035,9.189386,-6.9849193e-09,-9.189385,1.9570983e-07,1.0,1.3530458,-6.519258e-09,-1.3530458,-1.6680512,-1.6680512,-1.6680515,1.2604535,9.189384,2.3283064e-09,-9.189385,1.2108322e-07,1.0,1.6280279,4.1909516e-09,-1.6280278,-1.6672428,-1.667243,-1.667243,1.1830351,0.01854758014678955,8468.505484580994,330000
1.1039166,-0.685683,23.023796,9.189386,0.0,-9.189385,1.6326241e-07,1.0,1.3286686,0.0,-1.3286686,-1.6683611,-1.6683614,-1.6683613,1.1991068,9.189384,1.3969839e-09,-9.189385,1.1266386e-07,1.0,1.6779691,0.0,-1.6779692,-1.6698036,-1.6698036,-1.6698037,1.2506549,0.018497113847732543,8560.991064071655,335000
1.1523268,-0.4519073,20.014587,9.189388,2.7939677e-09,-9.189388,6.570791e-07,1.0,1.2553971,9.313226e-10,-1.2553971,-1.6786896,-1.6786897,-1.67869,1.1820033,9.189384,9.313226e-10,-9.189385,5.492443e-08,1.0,1.7130502,-4.656613e-10,-1.7130502,-1.680466,-1.6804659,-1.6804663,1.2477994,0.018521765089035035,8653.599900245667,340000
0.61925805,-1.4105849,19.751564,9.189384,-3.259629e-09,-9.189385,4.0551445e-08,1.0,1.3387388,8.381903e-09,-1.3387387,-1.6842234,-1.6842234,-1.6842237,1.3537917,9.189384,-9.778887e-09,-9.189385,1.08553856e-07,1.0,1.6535265,-1.5366822e-08,-1.6535265,-1.6834776,-1.6834776,-1.6834779,1.2348311,0.018530382537841797,8746.251822471619,345000
0.85250515,-0.9601856,22.144876,9.189384,-3.7252903e-09,-9.189384,3.964622e-08,1.0,1.2661452,2.7939677e-09,-1.2661452,-1.7016718,-1.7016718,-1.7016721,1.2815087,9.189386,-5.5879354e-09,-9.189385,1.2245437e-07,1.0,1.8023131,-4.656613e-10,-1.8023131,-1.70052,-1.7005203,-1.7005204,1.3360384,0.018497615051269532,8838.739907979965,350000
3.02063,-0.4352458,23.392227,9.189384,-2.7939677e-09,-9.189385,8.1730505e-08,1.0,1.1614377,-1.1641532e-08,-1.1614377,-1.7039378,-1.7039378,-1.703938,1.050478,9.189386,-3.7252903e-09,-9.189385,3.2710705e-07,1.0,1.6814775,2.3283064e-09,-1.6814773,-1.7050586,-1.7050588,-1.7050589,1.2149346,0.01847842926979065,8931.132065534592,355000
1.0139123,-0.46610418,19.301048,9.189384,5.122274e-09,-9.189384,3.445715e-08,1.0,1.3476825,9.778887e-09,-1.3476822,-1.6724602,-1.6724603,-1.6724604,1.1952348,9.189384,7.916242e-09,-9.189384,2.2046184e-08,1.0,1.7881808,8.381903e-09,-1.788181,-1.6755431,-1.6755431,-1.6755433,1.2341661,0.018534799814224245,9023.806073665619,360000
0.4665522,-2.3562493,21.734104,9.189386,1.21071935e-08,-9.189385,1.2207741e-07,1.0,1.2944901,-2.7939677e-09,-1.2944901,-1.7238152,-1.7238156,-1.7238157,1.3927939,9.189386,1.3969839e-09,-9.189385,1.29507e-07,1.0,1.6699584,2.3283064e-09,-1.6699582,-1.7220846,-1.7220849,-1.7220849,1.5473421,0.018499811315536498,9116.305143356323,365000
0.50948703,-0.4107409,17.796864,9.189386,4.656613e-09,-9.189385,1.9038319e-07,1.0,1.2695148,5.5879354e-09,-1.2695148,-1.678939,-1.678939,-1.6789391,1.2232872,9.189388,6.0535967e-09,-9.189388,5.6699713e-07,1.0,1.7483249,9.313226e-10,-1.7483249,-1.6808784,-1.6808785,-1.6808786,1.1835939,0.018502881860733032,9208.819561958313,370000
0.56824166,-1.8853815,23.89,9.189384,-2.7939677e-09,-9.189384,5.618578e-08,1.0,1.3236896,2.7939677e-09,-1.3236897,-1.6862257,-1.6862258,-1.6862259,1.3770914,9.189384,-4.656613e-10,-9.189385,7.635031e-08,1.0,1.7072216,9.313226e-10,-1.7072217,-1.6856204,-1.6856204,-1.6856205,1.1381123,0.01874657130241394,9302.552428722382,375000
1.3905745,-0.32785258,18.681725,9.189384,-6.9849193e-09,-9.189385,1.6800159e-07,1.0,1.2059541,7.450581e-09,-1.2059542,-1.672271,-1.6722713,-1.6722714,1.1669468,9.189384,5.122274e-09,-9.189384,6.493964e-08,1.0,1.6544323,5.122274e-09,-1.6544323,-1.6751068,-1.675107,-1.675107,1.3759532,0.01851575736999512,9395.131224870682,380000
0.7402214,-0.99071383,21.624569,9.189384,-6.9849193e-09,-9.189385,8.177158e-08,1.0,1.335892,-2.7939677e-09,-1.335892,-1.7162263,-1.7162266,-1.7162266,1.303336,9.189384,4.656613e-10,-9.189385,5.390993e-08,1.0,1.7760303,-4.656613e-10,-1.7760304,-1.7169884,-1.7169886,-1.7169887,1.1917044,0.018505930852890016,9487.660889863968,385000
0.6179277,-0.63850033,20.985573,9.189386,-9.313226e-10,-9.189385,1.7491611e-07,1.0,1.3404008,0.0,-1.3404009,-1.6851592,-1.6851594,-1.6851594,1.2906063,9.189384,-8.381903e-09,-9.189385,1.8596668e-07,1.0,1.5477924,-1.8626451e-09,-1.5477926,-1.6855509,-1.6855509,-1.6855512,1.450277,0.018556474351882936,9580.443274497986,390000
1.0258449,-0.619837,24.1627,9.189386,5.122274e-09,-9.189385,2.01784e-07,1.0,1.4138974,-3.7252903e-09,-1.4138974,-1.6829782,-1.6829784,-1.6829784,1.2288682,9.189384,9.313226e-10,-9.189384,3.3670744e-08,1.0,1.8888459,3.7252903e-09,-1.8888459,-1.683729,-1.6837292,-1.6837294,1.1494005,0.0185107346534729,9672.996956586838,395000
1.9441972,-0.63392836,22.928432,9.189384,3.259629e-09,-9.189384,3.8108805e-08,1.0,1.2869288,1.8626451e-09,-1.2869288,-1.6777856,-1.6777859,-1.6777859,1.1295934,9.189384,7.916242e-09,-9.189384,4.4443052e-08,1.0,1.8578954,1.21071935e-08,-1.8578954,-1.6795261,-1.6795263,-1.6795263,1.2741809,0.018530222940444947,9765.648082017899,400000
0.4074992,-0.81765544,22.650314,9.189384,-4.656613e-10,-9.189384,3.9326114e-08,1.0,1.3301015,-4.656613e-10,-1.3301015,-1.6833946,-1.6833947,-1.6833948,1.2890095,9.189384,2.3283064e-09,-9.189385,1.10413104e-07,1.0,1.6803867,9.313226e-10,-1.6803865,-1.6808611,-1.6808614,-1.6808614,1.3677117,0.1324504536628723,10427.900363206863,405000
0.51573545,-0.59719515,19.304207,9.189384,-7.450581e-09,-9.189385,1.058369e-07,1.0,1.3408315,-9.313226e-10,-1.3408313,-1.6938958,-1.693896,-1.693896,1.2120782,9.189384,1.0244548e-08,-9.189384,2.4957217e-08,1.0,1.7327775,0.0,-1.7327776,-1.6945984,-1.6945986,-1.6945987,1.1310929,0.01875060329437256,10521.653391838074,410000
0.48224926,-0.9845115,22.891752,9.189384,-2.7939677e-09,-9.189385,1.6261798e-07,1.0,1.2953222,-9.313226e-10,-1.2953222,-1.6812469,-1.681247,-1.6812471,1.2336733,9.189386,3.7252903e-09,-9.189385,3.5635705e-07,1.0,1.7341881,0.0,-1.7341881,-1.6808981,-1.6808984,-1.6808982,1.1412203,0.018538774538040162,10614.34727525711,415000
0.7065331,-0.50737053,20.193521,9.189385,6.9849193e-09,-9.189385,7.371067e-08,1.0,1.3340297,1.8626451e-09,-1.3340294,-1.6812079,-1.6812079,-1.6812083,1.2152082,9.189386,1.8626451e-09,-9.189387,4.2416906e-07,1.0,1.8895811,-3.7252903e-09,-1.8895812,-1.6834421,-1.6834424,-1.6834425,1.2414944,0.01848643765449524,10706.779474496841,420000
1.3125954,-0.7170098,24.894457,9.189384,-4.656613e-10,-9.189385,8.507774e-08,1.0,1.3052471,-4.1909516e-09,-1.3052472,-1.6738842,-1.6738844,-1.6738844,1.1646128,9.189384,-6.0535967e-09,-9.189384,6.454942e-08,1.0,1.6876757,-1.3969839e-09,-1.6876757,-1.6758611,-1.6758612,-1.6758612,1.4397848,0.018476403045654295,10799.161500453949,425000
0.905105,-0.42419732,21.212257,9.189384,-1.3969839e-09,-9.189385,1.027267e-07,1.0,1.2483883,-3.7252903e-09,-1.2483883,-1.6962242,-1.6962245,-1.6962246,1.1858368,9.189387,-2.3283064e-09,-9.189387,4.9988085e-07,1.0,1.7889694,-7.916242e-09,-1.7889695,-1.6969876,-1.6969879,-1.696988,1.1993799,0.018512530422210693,10891.724166631699,430000
0.5517328,-2.5079253,25.8861,9.189385,-9.313226e-10,-9.189385,1.6503505e-07,1.0,1.3231044,4.656613e-10,-1.3231044,-1.6538047,-1.6538048,-1.6538048,1.4201291,9.189387,5.5879354e-09,-9.189387,5.477729e-07,1.0,1.7760882,1.3038516e-08,-1.7760881,-1.6527176,-1.6527176,-1.6527178,1.3190453,0.018481164026260377,10984.129995822906,435000
1.5329624,-0.6739617,22.176,9.189386,-1.1641532e-08,-9.189385,1.5649339e-07,1.0,1.3262389,5.122274e-09,-1.3262389,-1.6743574,-1.6743574,-1.6743577,1.1550026,9.189384,3.259629e-09,-9.189384,6.202956e-08,1.0,1.7654483,-1.3969839e-09,-1.7654483,-1.6773686,-1.6773686,-1.6773689,1.2858355,0.018458152770996095,11076.420772075653,440000
1.1713326,-0.5667956,26.191973,9.189384,1.5366822e-08,-9.189384,2.917395e-08,1.0,1.26812,7.916242e-09,-1.26812,-1.7048037,-1.7048037,-1.704804,1.1896129,9.189386,-7.916242e-09,-9.189385,3.0127475e-07,1.0,1.7939131,-2.7939677e-09,-1.793913,-1.7032247,-1.7032249,-1.7032249,1.2992363,0.01855521640777588,11169.19686460495,445000
0.6238582,-0.7412802,22.483128,9.189384,-4.656613e-10,-9.189384,1.9912267e-08,1.0,1.2858708,-3.7252903e-09,-1.2858708,-1.6681321,-1.6681321,-1.6681322,1.2216625,9.189384,1.8626451e-09,-9.189385,8.437957e-08,1.0,1.7791461,4.1909516e-09,-1.7791461,-1.6713953,-1.6713953,-1.6713955,1.1694443,0.0184948974609375,11261.671362161636,450000
0.69757974,-1.2446182,22.212515,9.189384,9.313226e-10,-9.189385,1.2849274e-07,1.0,1.3223559,6.9849193e-09,-1.3223557,-1.7006465,-1.7006466,-1.7006468,1.3206787,9.189384,-6.9849193e-09,-9.189385,5.7242506e-08,1.0,1.8568151,1.3969839e-09,-1.8568152,-1.701376,-1.701376,-1.7013762,1.3208704,0.01848492760658264,11354.096009731293,455000
0.9262728,-0.7807424,21.094807,9.189384,-1.3969839e-09,-9.189384,1.9967914e-08,1.0,1.3641243,-2.7939677e-09,-1.3641243,-1.717141,-1.7171412,-1.7171414,1.2875493,9.189384,-2.7939677e-09,-9.189384,3.4708417e-08,1.0,1.7752539,6.0535967e-09,-1.7752538,-1.7165453,-1.7165453,-1.7165456,1.2736504,0.01861994380950928,11447.195738315582,460000
0.68835324,-0.6764132,24.845207,9.189384,-3.7252903e-09,-9.189385,9.9989734e-08,1.0,1.3115727,-6.0535967e-09,-1.3115728,-1.7043948,-1.704395,-1.704395,1.2230593,9.189385,4.656613e-09,-9.189385,1.0875092e-07,1.0,1.7654445,-4.656613e-10,-1.7654446,-1.7049214,-1.7049215,-1.7049215,1.2506719,0.018502284383773805,11539.70717048645,465000
0.66453505,-3.437967,26.509115,9.189386,1.3969839e-09,-9.189385,1.5948706e-07,1.0,1.280838,-3.259629e-09,-1.2808381,-1.7061616,-1.7061616,-1.7061617,1.4487278,9.189384,-5.5879354e-09,-9.189384,2.1677508e-08,1.0,1.7786717,0.0,-1.7786717,-1.7045062,-1.7045062,-1.7045064,1.1863194,0.018491765260696413,11632.166006565094,470000
1.896796,-0.5785357,21.688406,9.189384,5.122274e-09,-9.189385,1.0597682e-07,1.0,1.321315,6.0535967e-09,-1.321315,-1.6440499,-1.6440504,-1.6440504,1.1609344,9.189384,-9.778887e-09,-9.189385,1.061087e-07,1.0,1.8278573,-6.9849193e-09,-1.8278573,-1.6450987,-1.6450987,-1.6450989,1.5200944,0.018512509536743164,11724.728563547134,475000
0.59799784,-2.7871811,24.141098,9.189384,2.7939677e-09,-9.189384,6.472384e-08,1.0,1.4009447,-9.313226e-10,-1.4009447,-1.7005391,-1.7005394,-1.7005394,1.435296,9.189386,7.916242e-09,-9.189385,3.068116e-07,1.0,1.8741384,3.7252903e-09,-1.8741384,-1.6962168,-1.6962168,-1.6962171,1.2448492,0.01847943196296692,11817.125735759735,480000
0.41871995,-0.7435806,22.95365,9.189384,1.3969839e-09,-9.189385,1.1597191e-07,1.0,1.2863855,2.7939677e-09,-1.2863855,-1.6824437,-1.6824439,-1.682444,1.22386,9.189392,2.7939677e-09,-9.189392,1.2829632e-06,1.0,1.796314,4.656613e-10,-1.7963141,-1.6846609,-1.6846609,-1.6846611,1.0909455,0.018478313493728638,11909.517316102982,485000
2.3052135,-0.9298703,29.159391,9.189386,-9.313226e-10,-9.189385,2.3081152e-07,1.0,1.3841836,-4.656613e-10,-1.3841836,-1.6770254,-1.6770256,-1.6770256,1.1048172,9.189386,-1.8626451e-09,-9.189385,2.3224594e-07,1.0,1.8149971,-1.3969839e-09,-1.8149971,-1.676343,-1.676343,-1.6763432,1.196689,0.018575751876831054,12002.396087169647,490000
2.5288842,-0.3999545,23.253502,9.189384,2.3283064e-09,-9.189385,6.8447854e-08,1.0,1.214359,-9.778887e-09,-1.214359,-1.6777472,-1.6777475,-1.6777475,1.098242,9.189386,3.7252903e-09,-9.189385,2.7959643e-07,1.0,1.8265059,1.8626451e-09,-1.8265059,-1.6788254,-1.6788254,-1.6788256,1.2291396,0.018490475225448607,12094.8484749794,495000
0.63541096,-1.2520208,26.474926,9.189384,-1.0244548e-08,-9.189385,1.1387542e-07,1.0,1.2502509,-1.8626451e-09,-1.250251,-1.7204375,-1.7204378,-1.7204378,1.3125777,9.189384,9.313226e-10,-9.189384,4.396212e-08,1.0,1.7015321,9.313226e-10,-1.7015321,-1.716561,-1.7165612,-1.7165612,1.0882615,0.01849514842033386,12187.32422876358,500000
