training/actor/actor_loss,training/actor/adv,training/actor/bc_log_prob,training/critic/binary_accuracy,training/critic/categorical_accuracy,training/critic/contrastive_loss,training/critic/logits,training/critic/logits_neg,training/critic/logits_pos,training/critic/v_max,training/critic/v_mean,training/critic/v_min,training/grad/max,training/grad/min,training/grad/norm,training/value/binary_accuracy,training/value/categorical_accuracy,training/value/contrastive_loss,training/value/logits,training/value/logits_neg,training/value/logits_pos,training/value/v_max,training/value/v_mean,training/value/v_min,validation/actor/actor_loss,validation/actor/adv,validation/actor/bc_log_prob,validation/critic/binary_accuracy,validation/critic/categorical_accuracy,validation/critic/contrastive_loss,validation/critic/logits,validation/critic/logits_neg,validation/critic/logits_pos,validation/critic/v_max,validation/critic/v_mean,validation/critic/v_min,validation/value/binary_accuracy,validation/value/categorical_accuracy,validation/value/contrastive_loss,validation/value/logits,validation/value/logits_neg,validation/value/logits_pos,validation/value/v_max,validation/value/v_mean,validation/value/v_min,time/epoch_time,time/total_time,step
66.73126,0.20757902,-2.0580852,0.9977417,0.6328125,0.0108409375,-10.342293,-10.377776,-1.293781,154.89345,3.9175067,8.4746677e-07,4.186823,-6.695568,174.41924,0.9971161,0.5625,0.013765691,-9.858388,-9.888013,-2.3040257,13.513413,0.94181913,4.3930032e-07,59.45456,0.14569184,-2.0587015,0.99742126,0.60546875,0.011182861,-9.922635,-9.957408,-1.055528,162.52553,4.451997,8.080845e-06,0.99684143,0.53125,0.013146814,-9.561644,-9.591096,-2.0511785,14.503864,1.1081622,9.257254e-06,0.1329396463871002,664.6982474327087,5000
37.607635,-0.3838886,-1.9396262,0.99806213,0.734375,0.008809514,-11.058775,-11.100249,-0.48258874,486.02692,11.979781,3.5121076e-07,1.5826366,-1.4836078,74.79239,0.997818,0.69921875,0.009131791,-10.920307,-10.960441,-0.6858448,382.5832,8.098276,1.5324056e-06,28.86948,-0.60805464,-1.995564,0.99786377,0.71484375,0.00988071,-11.404861,-11.446687,-0.73931825,283.781,10.24192,4.3434657e-06,0.997818,0.671875,0.010149805,-10.90982,-10.949324,-0.83611155,247.70593,8.635534,1.8664915e-06,0.014600346660614013,737.6999893188477,10000
42.61645,-0.2983235,-2.0059543,0.99835205,0.77734375,0.007265281,-11.597823,-11.644389,0.27663165,1528.1699,27.04467,1.3348433e-05,2.1945286,-6.650194,135.12845,0.99842834,0.77734375,0.006957074,-11.568102,-11.61534,0.47779155,1787.9302,30.950392,4.4957356e-05,35.292618,-0.4418271,-2.040789,0.9978943,0.73046875,0.009015223,-11.650031,-11.695291,-0.10854784,1226.5591,24.24535,2.329355e-06,0.9978943,0.7109375,0.00905169,-11.697536,-11.74305,-0.091471784,2015.006,45.289513,1.4323619e-05,0.014603613901138306,810.7180681228638,15000
35.728386,-0.58058214,-2.0030668,0.99868774,0.85546875,0.00601449,-12.7309265,-12.785246,1.1208766,3383.9587,66.05676,1.8339974e-09,4.1400414,-2.3100796,115.099686,0.99871826,0.85546875,0.005784545,-12.341728,-12.394967,1.2343495,3110.835,80.53705,2.6150906e-06,36.925396,-0.57961214,-2.009269,0.9980316,0.73828125,0.009295117,-12.3197775,-12.368157,0.017438084,8690.978,79.64164,2.0568103e-07,0.99786377,0.70703125,0.009584896,-12.22709,-12.274337,-0.17898616,2293.17,42.382545,6.0952466e-06,0.014627402782440185,883.855092048645,20000
39.370792,-0.65218604,-1.9969198,0.9991913,0.92578125,0.0037117596,-13.286386,-13.346152,1.9544883,5678.821,97.06275,9.482858e-06,2.1393344,-4.9720383,104.42226,0.99894714,0.87890625,0.0040103216,-13.351095,-13.411057,1.9395486,10466.647,121.47263,5.5067644e-06,38.081238,-0.8777734,-1.9943169,0.9978943,0.75,0.009499548,-13.42412,-13.475171,-0.40589797,59232.992,194.59805,8.83444e-07,0.997879,0.6796875,0.009866457,-13.49803,-13.549023,-0.49433225,4661.7915,68.0437,2.8430077e-06,0.014701912784576415,957.364664554596,25000
42.79591,-0.6077342,-2.00915,0.99913025,0.9296875,0.00394989,-14.098749,-14.1642475,2.6033843,24772.06,270.68945,1.5398011e-07,4.111183,-3.4323368,133.8686,0.9988861,0.90625,0.0038516005,-14.020697,-14.084996,2.376071,8201.51,172.7568,5.1623065e-05,54.595222,-0.6172073,-1.9502431,0.99801636,0.72265625,0.010132346,-13.953354,-14.008189,0.029736504,26573.195,190.77869,8.1983046e-08,0.997818,0.73046875,0.0098403385,-13.764719,-13.817743,-0.24329308,3079.22,71.557205,1.3273169e-07,0.014650439023971557,1030.616868019104,30000
50.4998,-0.5445564,-1.9782655,0.999115,0.89453125,0.004208478,-14.483355,-14.550111,2.5398073,60346.273,416.04718,2.2211572e-05,3.4790401,-2.7848697,131.07816,0.9989319,0.8984375,0.0039514815,-14.360203,-14.425196,2.2133553,8466.681,190.6842,2.7728718e-05,53.670998,-0.90338194,-1.9970859,0.99798584,0.765625,0.009553018,-14.538086,-14.595165,0.017340012,794362.06,1723.7883,6.5837225e-10,0.9977875,0.71875,0.009587408,-14.556683,-14.613077,-0.17575458,23285.516,192.5732,8.432193e-08,0.014564306163787842,1103.4384143352509,35000
40.322647,-1.0038842,-1.9876258,0.9993286,0.9453125,0.0032142997,-15.44623,-15.5183525,2.945195,19634.717,313.23068,8.2649024e-07,1.643745,-1.6905619,93.03737,0.99913025,0.90625,0.0032374691,-15.369663,-15.441726,3.0066447,10789.63,321.2308,1.1157794e-06,48.49025,-1.3208752,-2.027667,0.99809265,0.76171875,0.009971218,-15.267065,-15.326089,-0.21581437,85256.39,308.99304,1.6392753e-09,0.99790955,0.72265625,0.009584723,-15.261864,-15.321058,-0.16667685,28918.307,196.00981,1.2618916e-09,0.014670398950576782,1176.7904176712036,40000
34.916847,-1.161735,-1.9256986,0.9990845,0.91796875,0.0037459924,-15.205906,-15.274886,2.384286,13861.665,178.12904,1.0528573e-06,2.843575,-3.731198,124.45807,0.9989929,0.8984375,0.0033273129,-15.362913,-15.434317,2.8450115,22402.39,324.58682,6.710679e-05,35.82638,-1.264765,-1.9503676,0.9979248,0.703125,0.0117756305,-14.973817,-15.028722,-0.972861,30134.814,191.56537,1.7077983e-09,0.99780273,0.671875,0.012174996,-14.861204,-14.915583,-0.99397963,4987.9487,117.70573,1.0303115e-08,0.014698418474197388,1250.2825183868408,45000
43.62418,-1.1529584,-1.9702847,0.9995117,0.9453125,0.0027171145,-16.149792,-16.225359,3.1199398,38344.38,480.67645,1.3640367e-06,2.1640835,-3.1129806,105.50375,0.99923706,0.9296875,0.0028851372,-16.408028,-16.484201,3.0165393,41405.633,469.22604,2.7481633e-06,44.087856,-1.1576357,-1.932267,0.99768066,0.734375,0.0117080435,-16.066456,-16.124777,-1.1943663,8449.08,74.39032,3.1232354e-09,0.9976349,0.69921875,0.0119079035,-15.974248,-16.032019,-1.2422702,45296.734,256.83795,1.9583833e-11,0.014588204050064087,1323.2235481739044,50000
30.503208,-1.3564742,-1.9311535,0.99923706,0.93359375,0.003188019,-15.955158,-16.028948,2.8615115,202200.94,796.60095,1.353998e-07,3.0498676,-2.201312,114.94707,0.9991913,0.91796875,0.003173558,-16.065102,-16.140312,3.1138039,19360.326,498.36768,8.467373e-05,36.713287,-1.4217286,-1.9611194,0.9975891,0.65234375,0.014010134,-15.827413,-15.882606,-1.7531564,14842.5625,107.97563,1.6278499e-09,0.9974518,0.62890625,0.013767131,-15.952389,-16.0093,-1.4398835,3874.662,126.658066,2.2241553e-08,0.014630075931549072,1396.3739371299744,55000
34.122166,-1.2230269,-1.9497445,0.99920654,0.93359375,0.0030542607,-16.747364,-16.825275,3.1204977,190204.89,1217.398,9.528216e-07,3.2495205,-4.3856936,125.068634,0.9991455,0.93359375,0.0029400964,-16.178335,-16.254744,3.3060832,21801.889,657.5432,1.8098017e-05,42.548477,-1.5267596,-1.9311012,0.99783325,0.74609375,0.01206259,-16.309895,-16.370007,-0.9809147,22277.096,152.03737,1.3727703e-09,0.9977722,0.68359375,0.01270813,-15.892203,-15.950612,-0.9980054,2354.2378,81.943985,6.216172e-11,0.014618098258972168,1469.4644379615784,60000
47.09104,-0.992065,-1.9523845,0.99942017,0.94140625,0.0029581878,-16.842731,-16.921694,3.2931595,262004.3,1596.3677,3.653383e-07,2.0902877,-1.9259051,72.511,0.99928284,0.93359375,0.003133066,-16.316982,-16.39318,3.113697,10089.241,326.0397,1.2685981e-05,63.474808,-0.6336774,-1.9428767,0.997879,0.73828125,0.012157263,-16.631912,-16.693806,-0.84862745,19355.047,261.17557,2.2033116e-10,0.99772644,0.6953125,0.011198057,-16.34273,-16.403511,-0.84278417,71590.98,519.2913,1.2480825e-07,0.014623814153671264,1542.5835168361664,65000
41.813797,-0.91609776,-1.9427011,0.99957275,0.96484375,0.0022345418,-17.246735,-17.328081,3.4971256,75778.58,831.636,1.7659625e-06,6.50085,-5.4273844,210.14738,0.99942017,0.94140625,0.0025343199,-17.531334,-17.61331,3.372647,26171.947,521.96643,6.389467e-05,53.657707,-0.82659554,-1.887971,0.99775696,0.7109375,0.012119123,-16.474638,-16.535154,-1.0430454,38612.92,256.97763,1.840713e-08,0.99765015,0.6796875,0.012536968,-16.695873,-16.757019,-1.1034893,8925.369,199.33228,1.0259052e-08,0.014644597768783569,1615.8065145015717,70000
45.179653,-0.87934935,-1.9724363,0.999527,0.96484375,0.0021817123,-17.012913,-17.093048,3.421761,97283.99,731.22,5.7908954e-05,7.851527,-5.1067085,193.66367,0.9994354,0.9609375,0.0017775624,-17.756145,-17.839632,3.5330899,11528.871,501.8671,0.00021374895,59.202225,-0.5963265,-1.9539089,0.9975128,0.703125,0.012875166,-16.879932,-16.941154,-1.2685014,15060.075,167.79947,8.085445e-14,0.9975586,0.6484375,0.014189992,-17.616943,-17.679667,-1.6227963,102073.67,650.4894,2.8008864e-11,0.014606008386611939,1688.8365650177002,75000
38.751743,-0.902318,-1.8891771,0.99942017,0.953125,0.0028082174,-17.175806,-17.256683,3.4482164,83304.78,1015.6888,2.749824e-07,2.4466448,-2.9714503,112.92929,0.9994049,0.96484375,0.002512307,-17.057566,-17.137331,3.2828412,43049.953,587.56354,3.8016898e-07,45.15874,-1.0012789,-1.9288037,0.9979248,0.7421875,0.01240743,-16.886719,-16.948559,-1.1175557,15052.953,208.18124,2.125823e-13,0.9975586,0.671875,0.0134262815,-16.670908,-16.73027,-1.5332681,7329.0977,98.842545,1.5807913e-08,0.01465864806175232,1762.129813671112,80000
53.574978,-0.65437734,-1.933897,0.99954224,0.96875,0.0021154822,-17.367378,-17.450144,3.7383761,198500.2,1485.1342,4.187544e-06,4.2002273,-5.168021,179.51207,0.9992981,0.97265625,0.002018889,-17.538439,-17.621006,3.5169516,55666.49,771.4255,6.069449e-05,51.60771,-1.1339316,-1.932657,0.99772644,0.73828125,0.012535935,-17.326569,-17.389208,-1.3535662,16928.396,149.22847,6.4619536e-09,0.9977112,0.6953125,0.01249273,-17.575035,-17.638641,-1.3553758,16828.566,188.98328,2.9883875e-08,0.014658880043029785,1835.4242227077484,85000
34.45788,-1.3302124,-1.9376708,0.9994354,0.9296875,0.0027745978,-17.252005,-17.333252,3.466029,71406.19,1011.2122,2.0260468e-05,4.022394,-6.022874,210.11026,0.999176,0.9296875,0.003104527,-18.128265,-18.213123,3.5114553,22437.434,732.83997,1.0535359e-05,58.45297,-0.82579863,-1.9080111,0.9977417,0.7578125,0.0120044,-16.993088,-17.055885,-0.9797363,10564.706,185.7233,1.3726492e-10,0.99772644,0.67578125,0.013384656,-18.138441,-18.203636,-1.513114,174413.69,838.7104,8.382059e-10,0.014694590139389039,1908.8971824645996,90000
38.583008,-0.995003,-1.8856567,0.9993744,0.94921875,0.002476501,-17.91554,-17.999504,3.494976,185613.89,1325.0636,1.2311299e-06,3.4956331,-10.715282,185.90799,0.9992523,0.93359375,0.0022680084,-18.02391,-18.108973,3.666977,142107.2,1338.148,0.00051649933,45.393612,-1.3126593,-1.8248137,0.99775696,0.73046875,0.012854984,-17.417767,-17.480577,-1.400878,49747.824,221.80988,1.8935578e-09,0.99783325,0.6875,0.013050133,-17.900526,-17.965464,-1.3408176,14916.28,205.54587,2.6810529e-08,0.014632668447494506,1982.0605330467224,95000
38.769127,-1.1739571,-1.9328806,0.99928284,0.953125,0.0031842957,-17.68922,-17.772572,3.5652692,57629.953,1075.1923,1.0255038e-05,5.4026012,-4.292656,202.04825,0.999176,0.90625,0.0031616546,-17.612434,-17.69648,3.819858,71372.15,1601.8018,5.517665e-05,36.29811,-1.353425,-1.8705201,0.99783325,0.79296875,0.01152003,-17.853333,-17.919998,-0.8533809,87640.42,517.5506,1.2758198e-12,0.99768066,0.69921875,0.011493441,-17.702347,-17.768929,-0.72412205,36696.516,281.753,6.309209e-08,0.014633863067626953,2055.229858160019,100000
32.060707,-1.2288373,-1.8326126,0.9996948,0.97265625,0.0016639899,-17.725811,-17.81169,4.173946,72369.55,1350.2235,6.7677895e-05,3.6707256,-4.469674,178.57056,0.99961853,0.96484375,0.0015229132,-17.64245,-17.727514,4.049294,98651.586,1457.8752,0.00014026089,42.386005,-1.8407544,-1.8811085,0.9979553,0.734375,0.0127254445,-17.642418,-17.706512,-1.2979746,10071.611,132.49203,2.759829e-12,0.9978943,0.70703125,0.013204478,-17.401161,-17.465078,-1.102103,6854.951,209.52545,6.1644335e-11,0.12893579459190369,2699.9088451862335,105000
37.703568,-1.2384055,-1.8889009,0.99957275,0.96875,0.0019013815,-18.85623,-18.945446,3.894302,250077.78,1813.1583,1.2808252e-05,4.4734373,-5.166217,206.12833,0.999527,0.94921875,0.0018442221,-18.996634,-19.08774,4.2357616,401374.75,3247.2126,0.00014909961,56.272167,-1.1363825,-1.8133894,0.99760437,0.69921875,0.014259232,-18.311466,-18.376669,-1.6854843,55580.61,364.27286,3.1136044e-10,0.99746704,0.66796875,0.014620209,-18.849009,-18.91488,-2.0513852,3908.9004,93.897964,3.4327655e-11,0.014670343351364136,2773.2605726718903,110000
48.244514,-1.0967343,-1.9309878,0.999588,0.96484375,0.0020931014,-18.04438,-18.131077,4.062741,736759.94,3027.8157,4.433919e-05,6.4694133,-7.680813,252.43987,0.9994507,0.9609375,0.0021098116,-18.20736,-18.294828,4.0972567,1760535.0,9577.24,3.081897e-06,54.324642,-0.9454762,-1.9207082,0.99780273,0.75,0.012350317,-18.070261,-18.137108,-1.0237732,18522.088,233.47047,3.3568452e-09,0.9974823,0.6796875,0.013179677,-18.29837,-18.365145,-1.2704813,28881.732,284.39658,2.573018e-08,0.014616864442825317,2846.3449046611786,115000
38.373108,-1.2555842,-1.8696768,0.999527,0.9609375,0.002272821,-18.358248,-18.444174,3.553678,75824.92,1022.6072,3.2622564e-05,8.565874,-5.300225,203.19688,0.99928284,0.93359375,0.0026864,-18.141415,-18.2268,3.6325417,64472.105,1306.2118,9.852599e-05,30.72128,-1.6826966,-1.7314957,0.9977417,0.71875,0.013570426,-18.02977,-18.094885,-1.4256935,82036.49,338.02814,7.206819e-10,0.99760437,0.6875,0.013937453,-18.191317,-18.25623,-1.6378771,110839.03,549.0791,2.9142868e-09,0.014626349449157715,2919.476661682129,120000
42.233368,-1.0052313,-1.8254962,0.999527,0.9609375,0.002308785,-18.238743,-18.325785,3.956935,99156.305,1021.1184,0.0011022068,4.4787283,-5.306709,232.94908,0.9994354,0.96484375,0.0022042124,-18.359184,-18.448133,4.322685,259843.92,2558.3245,0.001195663,52.85877,-1.0945437,-1.9195113,0.9977417,0.734375,0.013601401,-18.096497,-18.161404,-1.5447632,218792.56,885.12805,3.6811058e-11,0.99760437,0.703125,0.013332633,-18.033928,-18.098513,-1.5648632,478460.12,2048.5242,6.322887e-10,0.014666827249526978,2992.8108084201813,125000
35.331734,-1.5058994,-1.8145317,0.9995575,0.953125,0.0020489336,-18.660841,-18.75035,4.164538,644497.6,3211.7043,4.428675e-05,3.4805064,-4.1393704,184.2569,0.9994354,0.9609375,0.0019381742,-18.55385,-18.643993,4.4333396,124157.03,2610.4243,0.001933544,52.137436,-1.2056262,-1.8331666,0.99749756,0.66796875,0.01701466,-18.227863,-18.28909,-2.6148167,146384.42,426.27994,1.17797135e-11,0.99716187,0.59375,0.016934164,-17.977415,-18.03692,-2.8035774,3603.2808,81.97508,3.5074198e-08,0.014618057298660279,3065.90110707283,130000
52.447227,-0.5373879,-1.7837846,0.99967957,0.96875,0.0017748364,-18.925337,-19.015898,4.1675773,265754.12,1647.8872,6.614622e-05,5.339199,-5.1881704,227.77313,0.99931335,0.953125,0.002140457,-18.804935,-18.893118,3.68205,20787.482,784.312,0.00046649098,46.56331,-1.6533504,-1.8570001,0.9977722,0.73046875,0.013065059,-18.873642,-18.942415,-1.335906,127038.92,649.91833,1.7975267e-09,0.9976349,0.65625,0.014064214,-18.462688,-18.52822,-1.7516384,150536.64,739.1432,1.6555184e-11,0.01465729169845581,3139.1875760555267,135000
30.400763,-1.4421167,-1.7325288,0.999588,0.97265625,0.0020422079,-18.937574,-19.028614,4.277494,1244107.4,5716.2715,5.8619233e-05,5.727555,-5.4777718,179.35892,0.9994354,0.96875,0.0021813568,-18.523249,-18.613514,4.4952497,494857.12,4819.953,2.7685448e-06,44.146523,-1.6727659,-1.8715684,0.99765015,0.7265625,0.014052616,-18.03325,-18.09719,-1.7279108,35689.527,331.1952,2.6789376e-11,0.99765015,0.68359375,0.013442261,-18.142256,-18.207386,-1.5340436,69203.58,476.48578,1.4708587e-09,0.01467357931137085,3212.5554823875427,140000
42.769726,-0.8647434,-1.7876071,0.99954224,0.953125,0.0022659292,-18.50363,-18.591726,3.9614377,24636.78,907.0157,4.3098842e-07,5.814656,-8.086895,286.03403,0.9994812,0.953125,0.0020529719,-18.544523,-18.632217,3.8177385,26705.047,1030.2902,2.5727324e-05,35.56606,-1.6322567,-1.7040863,0.99768066,0.71484375,0.013590664,-18.218025,-18.282948,-1.6625243,65917.234,270.952,2.6233946e-09,0.99765015,0.66796875,0.014944128,-18.645554,-18.710125,-2.179637,1553.7673,60.695724,3.1526836e-12,0.014595318126678468,3285.5320839881897,145000
39.68199,-1.1978716,-1.7930315,0.9996948,0.96484375,0.0019025388,-18.757408,-18.847143,4.1258397,45651.17,975.65076,9.749777e-06,5.970136,-5.2604175,218.97516,0.9995117,0.96875,0.0018103722,-19.215328,-19.307928,4.3979383,162708.86,3417.8484,2.6680871e-05,48.55391,-1.2458372,-1.7919888,0.9976654,0.6875,0.014993862,-18.165462,-18.229439,-1.8515549,63359.953,390.6724,1.20735835e-11,0.9974518,0.62109375,0.01627789,-18.45636,-18.519354,-2.392242,18676.012,295.68967,5.3873933e-10,0.014663442277908325,3358.8493077754974,150000
35.643394,-1.0668001,-1.7267087,0.999588,0.9765625,0.0017868385,-18.620613,-18.708975,3.9117107,103504.16,1213.4613,0.0005916072,8.558663,-6.905537,232.47006,0.9994354,0.9453125,0.0020877107,-18.925766,-19.01438,3.670992,21940.55,840.2417,0.00028763284,50.766045,-1.2904644,-1.8168554,0.99772644,0.72265625,0.014934111,-18.2935,-18.357523,-1.9678655,79247.99,389.1682,2.752329e-11,0.9975891,0.66796875,0.015593502,-18.486948,-18.551388,-2.0549073,24454.662,260.51392,4.3832293e-10,0.014686464071273804,3432.2816400527954,155000
39.01667,-1.447448,-1.7635887,0.9996338,0.97265625,0.0016356533,-18.764603,-18.85569,4.462839,113819.734,1856.729,2.8703258e-05,4.230381,-5.102852,209.33624,0.99961853,0.96484375,0.0014360329,-18.7184,-18.809093,4.4092484,154826.86,1812.6562,0.010474404,47.212795,-1.6048164,-1.7937907,0.9976654,0.71875,0.015700012,-18.189964,-18.253094,-2.091228,48355.58,321.96652,1.1874536e-13,0.99757385,0.64453125,0.015827652,-18.076471,-18.138147,-2.348722,13247.017,230.66019,3.443367e-12,0.01461167688369751,3505.3400373458862,160000
24.593988,-1.5462525,-1.8083744,0.99967957,0.9609375,0.002187494,-18.123623,-18.210987,4.154239,263481.66,2007.1775,2.6194298e-09,2.5088496,-4.061463,152.9414,0.9995117,0.9453125,0.0022593136,-18.541573,-18.631134,4.297035,73618.37,1769.8547,5.5029865e-09,49.21158,-1.2050248,-1.7623403,0.9977112,0.69140625,0.014453312,-18.011372,-18.076786,-1.3305888,10122.473,200.02652,5.665541e-10,0.99749756,0.62109375,0.015456507,-17.945875,-18.00873,-1.91792,16033.965,169.97385,1.4052843e-09,0.01468850131034851,3578.7825570106506,165000
36.31211,-1.4107819,-1.7560382,0.99954224,0.96484375,0.0022874365,-19.369701,-19.461378,4.0082383,183378.31,1640.3849,1.8320744e-09,2.901819,-8.491475,167.54729,0.9992676,0.9453125,0.0025390864,-18.823208,-18.913109,4.1020117,76335.34,1529.5625,7.0696316e-08,50.35285,-1.4864163,-1.714923,0.99757385,0.71484375,0.014694354,-18.44193,-18.506443,-1.9910225,23762.496,154.89522,6.9266004e-12,0.9975586,0.67578125,0.015370414,-17.846743,-17.908394,-2.1259227,11967.476,163.02672,5.9002153e-10,0.014687049579620361,3652.2178180217743,170000
43.052483,-0.9946685,-1.7470804,0.9997101,0.98828125,0.0013412106,-19.477036,-19.570684,4.4040833,1741973.5,6426.1543,0.00021302467,4.80976,-7.0646563,196.89154,0.9995117,0.984375,0.0018179844,-18.994072,-19.084581,4.086035,58842.31,1154.9783,3.1863854e-07,54.058853,-1.0652126,-1.7806547,0.9976959,0.7109375,0.015350157,-18.792206,-18.85887,-1.7920809,10484146.0,23392.514,6.6677897e-13,0.9976959,0.65234375,0.015332656,-18.431376,-18.495354,-2.1167428,15050.111,187.85094,1.8628678e-13,0.014660698413848877,3725.521320104599,175000
33.844116,-1.1816858,-1.7303889,0.99961853,0.96484375,0.0018480523,-19.144745,-19.237036,4.390019,554917.06,2669.1309,4.0262883e-08,4.4288216,-6.991041,187.15982,0.99942017,0.96484375,0.0019380995,-18.952576,-19.04383,4.317894,912700.5,5083.301,6.123963e-05,48.640217,-1.3352101,-1.7997847,0.99775696,0.72265625,0.014656221,-19.42552,-19.494312,-1.8835027,20458.312,178.82492,1.5358711e-12,0.9974518,0.6796875,0.014727922,-19.160568,-19.227713,-2.0379636,9916.76,178.43823,5.3939814e-11,0.014624431467056274,3798.6434869766235,180000
41.545677,-1.09419,-1.7574347,0.9995575,0.96484375,0.0019915313,-18.546734,-18.63674,4.405362,204429.36,2048.8315,7.417437e-06,5.2897797,-5.550585,201.67589,0.9994812,0.95703125,0.0020785984,-18.627422,-18.717314,4.295187,97216.94,1961.877,6.0390274e-05,49.34997,-1.1153141,-1.6341338,0.9977417,0.69140625,0.015377966,-18.578327,-18.642921,-2.1061835,15705.932,166.94334,1.3776194e-10,0.9975128,0.6328125,0.016417783,-18.405746,-18.469841,-2.0612612,44136.215,585.32117,1.0738785e-09,0.014627976274490357,3871.7833795547485,185000
29.256687,-1.4837292,-1.7528529,0.999588,0.96875,0.00180713,-19.089413,-19.180847,4.2271547,2251556.8,7878.2646,5.999979e-05,2.8852153,-5.6645403,170.20961,0.99949646,0.93359375,0.002164986,-18.469482,-18.558407,4.2062273,237940.08,2011.1282,3.0087269e-05,42.153404,-1.6385133,-1.756299,0.9976196,0.69921875,0.015976898,-18.373186,-18.435616,-2.4533675,33749.72,259.96542,1.2841561e-10,0.9976349,0.6328125,0.015826501,-17.851772,-17.912497,-2.3659458,5994.5757,102.73043,8.69732e-12,0.014598402118682862,3944.7753999233246,190000
41.383102,-1.0157932,-1.7818445,0.999588,0.98046875,0.001912801,-18.840027,-18.931385,4.4566846,335053.97,2586.7715,2.1794708e-06,4.247401,-9.707327,203.96194,0.99954224,0.96875,0.0021983418,-19.07624,-19.167294,4.143053,16025.955,812.54034,1.332081e-07,46.81402,-1.1768396,-1.7150444,0.9976196,0.69140625,0.015122486,-18.45972,-18.524225,-2.0108762,63142.855,371.1149,3.4245404e-10,0.9973755,0.62890625,0.015619063,-18.397766,-18.460594,-2.37609,66664.1,586.855,1.0334797e-09,0.014707969331741334,4018.3152554035187,195000
46.110962,-0.9699514,-1.8130217,0.9997101,0.984375,0.0014412084,-18.885975,-18.97724,4.386492,49743.605,1224.4463,0.0014963815,6.1482167,-5.575592,223.52295,0.9995575,0.9765625,0.0015421067,-19.300766,-19.393122,4.250349,152859.86,2273.1094,0.0005098244,52.063416,-0.998719,-1.8499637,0.99749756,0.7265625,0.014451757,-18.547514,-18.613104,-1.8210268,163887.75,487.59622,3.722841e-12,0.99739075,0.66015625,0.015424171,-19.016228,-19.082624,-2.0846994,162782.42,1051.5991,1.1960517e-11,0.014711018085479737,4091.8703548908234,200000
40.762074,-0.70046103,-1.7919909,0.9998169,0.9921875,0.0012182669,-18.934547,-19.026714,4.5685935,123593.05,2495.0813,0.0005038523,6.553338,-10.3275,198.8964,0.999588,0.98828125,0.0013023379,-19.196571,-19.288027,4.1254234,76016.35,1225.9338,0.005655558,49.822933,-1.2869205,-1.8044851,0.99765015,0.73046875,0.015108256,-18.676285,-18.741293,-2.0992591,21727.496,271.47852,3.3535535e-14,0.99746704,0.66015625,0.015843611,-18.563728,-18.626287,-2.61006,22516.338,177.52934,8.66583e-11,0.12906570839881898,4737.198906183243,205000
32.281532,-1.3985746,-1.720959,0.9997101,0.97265625,0.0015258763,-19.219242,-19.31162,4.337656,918473.9,5574.116,0.00017136337,4.708437,-6.8424644,230.7105,0.99964905,0.97265625,0.0014267252,-19.528152,-19.623203,4.7097325,96250.234,2739.1665,3.0184942e-06,50.442596,-1.7218691,-1.7725209,0.9975128,0.69140625,0.015371458,-19.072306,-19.137686,-2.4004161,27119.459,166.75958,1.2322032e-10,0.9975128,0.640625,0.015890332,-18.894829,-18.959415,-2.4252563,4337.376,90.36128,4.1007275e-13,0.014676111555099488,4810.579475164413,210000
34.998688,-1.3126819,-1.7439507,0.99961853,0.98046875,0.0015487298,-19.093454,-19.184906,4.2273273,156005.33,1668.1445,0.00056362816,5.245641,-5.1398077,184.83008,0.999588,0.96875,0.0015482493,-19.11733,-19.209623,4.417923,64664.164,1543.2644,0.00069520844,49.21985,-1.1587383,-1.8224285,0.9977722,0.75,0.013697497,-18.54171,-18.60792,-1.6578425,8788.176,160.91098,2.6932574e-11,0.9976654,0.70703125,0.014543192,-18.9394,-19.006367,-1.8623118,160798.83,832.19556,8.006981e-13,0.014630065298080445,4883.729811191559,215000
37.195217,-1.164563,-1.7466567,0.999588,0.9765625,0.0018622971,-19.452019,-19.545383,4.3569736,106697.71,1721.7476,5.7110907e-07,4.3086586,-8.360463,188.10304,0.999588,0.96484375,0.0018183524,-19.32647,-19.419235,4.329007,147828.44,2473.5708,5.8559976e-06,43.458374,-1.6335293,-1.7158282,0.9975891,0.71484375,0.016212381,-19.072292,-19.1376,-2.4187312,13521.396,194.46346,5.904101e-13,0.9976349,0.65234375,0.016752426,-18.933743,-18.997957,-2.5587716,52969.42,383.0051,8.284985e-11,0.014629921150207519,4956.879427194595,220000
27.852652,-1.3471103,-1.7241559,0.99946594,0.98046875,0.0020342602,-18.624973,-18.713762,4.016234,591999.9,2789.4397,0.00046399434,4.1942434,-5.2469726,162.13806,0.9994812,0.96484375,0.001857202,-18.465975,-18.555079,4.2556047,337649.28,3254.255,0.0010751289,53.764732,-1.1197841,-1.7591673,0.9972992,0.67578125,0.017113494,-18.64338,-18.705336,-2.8442378,121649.65,444.16342,1.27064115e-14,0.9973602,0.62890625,0.017264225,-18.191032,-18.251255,-2.834489,7717.7544,82.482185,2.918269e-13,0.014690993881225587,5030.334411144257,225000
38.671764,-0.88748956,-1.7678928,0.9997101,0.984375,0.0013103483,-18.829552,-18.921162,4.5306177,122959.61,1634.2063,0.0019336464,8.894882,-9.495591,263.90607,0.99954224,0.98046875,0.0014919182,-18.716728,-18.807861,4.523219,330873.62,3533.3428,0.0027910534,43.459312,-1.5707827,-1.7571582,0.9977722,0.7109375,0.014073119,-18.454662,-18.520882,-1.5680971,35787.414,397.89667,2.335387e-10,0.9977112,0.73046875,0.012932152,-18.000011,-18.064928,-1.4461577,190542.2,1107.2273,7.296776e-11,0.014646472072601318,5103.566782951355,230000
33.722187,-1.0955081,-1.7320893,0.9997101,0.97265625,0.0016921567,-19.019829,-19.112352,4.5734243,522943.0,4145.693,6.823629e-05,4.0901136,-5.2193995,158.52682,0.9995117,0.9609375,0.0016964353,-19.24376,-19.335981,4.2734013,134436.78,2403.4194,0.0005143029,41.957375,-1.2208089,-1.7211165,0.99772644,0.75390625,0.0138059985,-19.324638,-19.39455,-1.496429,6249.6465,121.25046,1.37996e-10,0.9976654,0.69140625,0.013711798,-18.920355,-18.988518,-1.5385091,14591.575,146.7651,4.4752127e-12,0.01468906764984131,5177.012134552002,235000
32.38584,-1.3725972,-1.8201892,0.9997406,0.984375,0.0012610776,-19.190187,-19.283024,4.483034,352038.16,2380.5493,5.2878426e-05,3.4844317,-6.929811,169.84421,0.9996033,0.984375,0.0011475843,-19.063805,-19.156897,4.67505,102846.3,1968.134,0.0018439724,44.717236,-1.5963933,-1.8049688,0.9974365,0.69921875,0.01628175,-18.641651,-18.705357,-2.39637,297010.38,1109.3401,2.155568e-09,0.9971924,0.6015625,0.016550977,-18.26638,-18.327803,-2.6040983,43033.04,305.51776,2.3698474e-11,0.014668988513946534,5250.357090473175,240000
36.4331,-0.8976116,-1.7403269,0.9996033,0.96484375,0.0021678798,-18.935856,-19.026907,4.282256,185236.52,1934.6067,4.9392757e-09,12.303814,-10.240551,369.9233,0.9994507,0.94921875,0.001962076,-18.66903,-18.759056,4.2885313,362862.3,3669.7554,1.2864562e-07,47.508545,-1.1564574,-1.7836939,0.99754333,0.7421875,0.014509172,-18.462938,-18.528711,-1.6902866,269985.75,1493.6257,2.07864e-12,0.9974518,0.67578125,0.015401147,-18.395142,-18.458376,-2.2698941,13062.713,211.88243,7.568281e-11,0.014733313274383545,5324.023669958115,245000
39.512596,-1.0905823,-1.7288494,0.9997406,0.98828125,0.0015475047,-19.3554,-19.448593,4.4091516,288932.1,3121.5083,6.677629e-05,6.264062,-8.10683,256.96234,0.99949646,0.96875,0.0013547415,-19.44437,-19.537441,4.289257,141413.66,1543.2043,0.005293671,39.166115,-1.712331,-1.6617069,0.99746704,0.66796875,0.017015895,-18.950777,-19.014912,-2.596321,17962.979,169.07603,2.5075194e-12,0.99754333,0.640625,0.01649729,-19.081808,-19.146687,-2.5375972,40072.055,463.948,3.770671e-12,0.014683081579208375,5397.439089775085,250000
32.852627,-1.2829285,-1.7202752,0.9998627,0.99609375,0.00090402307,-19.219482,-19.313145,4.664958,198575.2,2143.8926,1.2422651e-05,4.193129,-5.8131924,200.54999,0.99967957,0.98828125,0.00099822,-19.465094,-19.560188,4.7839875,130914.914,2270.337,0.0007885193,51.10562,-1.1814098,-1.7557836,0.99768066,0.71875,0.014349919,-18.632206,-18.698475,-1.7325922,57384.367,400.79068,3.7666762e-11,0.99746704,0.671875,0.015017474,-18.754677,-18.820591,-1.946164,68766.87,398.78625,3.5491735e-10,0.014654947280883788,5470.713837385178,255000
49.70353,-0.76473665,-1.7963868,0.99975586,0.98046875,0.0014202766,-19.139729,-19.232864,4.6098275,193122.8,2244.8516,0.0005538508,13.454021,-12.603451,391.38074,0.99964905,0.9765625,0.0012715058,-19.242712,-19.33531,4.3700595,493563.34,4907.893,0.00025108486,52.74191,-1.2192328,-1.7430708,0.99772644,0.76171875,0.014073133,-18.543808,-18.610031,-1.6568471,31300.965,353.2841,5.970912e-11,0.9975586,0.671875,0.014820367,-19.010672,-19.077492,-1.9711983,11601.2,203.74303,1.3335942e-12,0.014700083589553834,5544.214267015457,260000
37.09896,-1.131622,-1.636617,0.9997864,0.9765625,0.0014274856,-19.347973,-19.441761,4.5684,330976.2,2366.6492,1.01493846e-07,6.1841908,-6.093629,272.57977,0.99961853,0.96875,0.0014541518,-19.161924,-19.255413,4.6785736,377489.2,2974.2202,0.00030597224,42.55368,-1.5661092,-1.8269804,0.997345,0.671875,0.017134782,-18.635485,-18.6979,-2.7191992,360390.62,837.9441,4.83443e-12,0.9971924,0.63671875,0.017818488,-18.758467,-18.821226,-2.7543378,25502.143,400.27295,8.282564e-12,0.014701740741729736,5617.722983837128,265000
35.275883,-1.093137,-1.6644748,0.99975586,0.96875,0.0015160944,-19.368067,-19.460861,4.29492,124561.805,1545.5369,0.00033653976,4.516211,-8.527162,237.96156,0.99954224,0.9765625,0.0013458217,-19.451614,-19.543526,3.9858556,87586.695,888.13104,0.0012224576,41.463455,-1.2014611,-1.6507146,0.99775696,0.66015625,0.016605578,-18.917374,-18.980877,-2.7234397,35777.043,196.71902,4.5238817e-12,0.9974518,0.625,0.01882052,-18.920319,-18.980635,-3.5392494,20151.838,130.04109,3.2673808e-11,0.014706428050994874,5691.255138874054,270000
29.208496,-1.4504966,-1.6350482,0.9997864,0.98046875,0.0013352176,-19.650244,-19.74535,4.6023707,128599.92,1238.7524,0.00032175618,4.053028,-4.8538613,189.40004,0.9996948,0.9765625,0.0014887492,-19.726562,-19.822134,4.644433,149976.78,2145.852,2.7398612e-05,47.046616,-1.3743289,-1.7706609,0.9975891,0.7421875,0.015390664,-19.055405,-19.123142,-1.7827985,23242.32,257.10626,5.813241e-10,0.9975281,0.65625,0.016203126,-19.223053,-19.290373,-2.0566885,68618.945,433.0098,3.1324603e-08,0.014712407112121581,5764.817186832428,275000
33.510994,-1.1757528,-1.6930108,0.9996948,0.9765625,0.0013884648,-18.88972,-18.982899,4.871033,62825.645,1469.7755,0.00034860615,4.712773,-6.093698,186.4686,0.999588,0.98046875,0.0012852672,-19.243942,-19.3395,5.1236534,41501.777,2260.3538,0.017264169,39.56153,-1.3711264,-1.5959822,0.99783325,0.7265625,0.0136659285,-18.672142,-18.739065,-1.6064878,70557.055,458.29352,4.1867207e-10,0.99768066,0.67578125,0.015952017,-19.136688,-19.20312,-2.1965384,31556.932,263.73517,5.690115e-13,0.014680891370773316,5838.221655368805,280000
32.01667,-1.2850587,-1.6124129,0.9996643,0.98046875,0.0013698438,-19.05086,-19.143963,4.6913776,604225.5,3165.185,0.00023576243,7.1608996,-10.318651,265.8015,0.99961853,0.96484375,0.0014417875,-19.669151,-19.76588,4.997023,592933.8,5293.035,4.731907e-05,46.4073,-0.9888878,-1.6820002,0.9975128,0.6796875,0.017507775,-18.560347,-18.62159,-2.9429414,29416.707,164.85446,4.744513e-13,0.99739075,0.64453125,0.017994694,-19.022211,-19.084837,-3.0525768,20653.543,183.41255,8.300593e-12,0.014698906898498535,5911.716202259064,285000
38.856865,-1.248354,-1.7559025,0.9998169,0.984375,0.000971523,-19.142225,-19.235025,4.5215645,288988.3,1762.794,0.002141316,7.1960464,-6.1490297,288.05206,0.9996338,0.98828125,0.0011978478,-18.992245,-19.085308,4.7393923,63443.816,1589.4335,7.092623e-05,33.71154,-1.8007838,-1.5745335,0.9974518,0.7421875,0.014717417,-18.952837,-19.019548,-1.9405389,161232.47,478.40363,5.608011e-10,0.99746704,0.66015625,0.0153456945,-18.76763,-18.833368,-2.003897,5336.7734,125.402794,4.2072257e-12,0.014744757032394409,5985.439998626709,290000
35.150154,-1.3086128,-1.7413288,0.99957275,0.96875,0.0018556844,-19.278168,-19.370895,4.3680253,246964.48,2829.772,1.6924267e-05,5.237249,-7.1875634,226.9967,0.9996338,0.9765625,0.0014130019,-19.275543,-19.3693,4.6331205,364418.03,4833.068,1.917886e-05,42.267014,-1.7095642,-1.6566837,0.99757385,0.69140625,0.01647598,-18.882404,-18.946173,-2.6212807,28781.293,255.72548,6.161739e-12,0.99742126,0.64453125,0.01633005,-19.130398,-19.195335,-2.5711167,63806.3,486.88885,3.4577457e-13,0.014686583805084228,6058.872930765152,295000
39.352943,-1.0456502,-1.6761836,0.9996948,0.98046875,0.001463165,-19.679148,-19.77631,5.097428,1083715.0,6375.89,0.00038674532,11.397127,-13.249453,419.77484,0.999588,0.9765625,0.0013934338,-19.544767,-19.6412,5.0457907,186284.58,3445.5078,0.0011190996,47.24185,-1.247458,-1.7040827,0.99757385,0.74609375,0.014945754,-18.800442,-18.866076,-2.0635452,36390.91,197.23093,2.9064647e-13,0.99739075,0.6796875,0.01604066,-18.90863,-18.97326,-2.428043,7280.0767,110.30141,6.128793e-11,0.014678046035766602,6132.263170480728,300000
45.049606,-0.9917108,-1.7580886,0.99946594,0.9453125,0.0026551588,-19.345062,-19.43784,4.313363,53820.71,1482.532,1.3748313e-07,7.6278944,-7.147555,270.1871,0.9994354,0.9296875,0.0023606527,-18.9612,-19.051714,4.1200213,49839.098,1125.578,8.8190944e-07,39.876358,-1.1437433,-1.5199561,0.9978485,0.69140625,0.0156834,-18.914652,-18.980595,-2.0988312,12503.293,151.82924,4.8536782e-11,0.99757385,0.62890625,0.017477984,-18.675709,-18.738731,-2.6045642,21578.775,272.45294,6.670655e-12,0.1289517014503479,6777.021691799164,305000
32.48069,-1.3126028,-1.6874907,0.99949646,0.95703125,0.002059015,-18.722162,-18.812008,4.189228,1160915.8,3594.8809,1.9071302e-07,12.3912945,-9.23172,269.60754,0.99949646,0.9609375,0.0019899933,-18.583511,-18.672905,4.2120175,55241.082,1331.641,5.9085547e-08,45.453896,-1.2749703,-1.6544218,0.99760437,0.73828125,0.015289191,-19.08305,-19.149012,-2.2621787,127729.664,550.12744,8.425227e-13,0.99757385,0.66796875,0.016320057,-18.840893,-18.905191,-2.444493,52618.797,432.69196,2.2518776e-14,0.014687248086929321,6850.457944393158,310000
39.694263,-0.92246646,-1.6174712,0.9997101,0.98046875,0.0017456438,-19.235596,-19.327526,4.207102,86974.984,1002.7913,2.9449848e-06,14.009821,-15.270441,297.0741,0.9994507,0.9609375,0.0019333187,-19.655338,-19.748789,4.1746655,36402.258,1087.9338,2.4485682e-05,50.456875,-0.91866755,-1.5914496,0.9976349,0.7109375,0.015496253,-18.741169,-18.805363,-2.3713927,9852.302,112.035324,9.124324e-10,0.9973755,0.67578125,0.016418774,-19.00344,-19.067236,-2.7355876,22022.938,186.18216,6.622734e-12,0.01465889596939087,6923.752443552017,315000
45.22721,-0.81212914,-1.6686058,0.99964905,0.9765625,0.0017364894,-19.224115,-19.31691,4.4387636,171419.08,2247.4434,0.00049982424,5.284071,-7.1244736,259.11728,0.9994812,0.96875,0.0019044188,-19.088003,-19.180414,4.4769206,839924.7,4484.6084,7.600679e-05,45.191765,-1.3896077,-1.5924345,0.9977417,0.74609375,0.014813924,-19.176008,-19.243353,-2.0030224,33582.152,421.74243,2.3394786e-11,0.99765015,0.69140625,0.01447523,-19.395779,-19.464033,-1.9904699,7261.9575,122.6832,2.897628e-11,0.014708708238601684,6997.295999288559,320000
34.93406,-1.0287634,-1.608603,0.9995575,0.9609375,0.0018675186,-19.257572,-19.350086,4.3338327,180704.8,1496.237,0.010619138,8.08912,-10.424638,366.07507,0.99928284,0.95703125,0.0023253055,-19.358341,-19.449825,3.9703343,98376.97,1084.0579,0.0075935363,41.395157,-1.5580964,-1.7384462,0.9974518,0.6875,0.017672632,-19.199728,-19.263418,-2.958421,19499.262,150.41959,6.3457844e-13,0.9971924,0.609375,0.018157817,-19.356712,-19.420444,-3.1046205,43921.652,272.79333,3.0353537e-09,0.014694997596740722,7070.770999670029,325000
26.637741,-1.2314799,-1.5406148,0.9997101,0.98046875,0.0015489643,-19.48556,-19.579525,4.475519,362121.16,3488.088,4.1340795e-06,6.14813,-10.204443,289.2267,0.999588,0.98046875,0.0016367105,-19.175947,-19.268608,4.452571,185862.95,2514.6055,2.783666e-05,49.331482,-1.0500562,-1.5985193,0.99757385,0.75390625,0.014726628,-19.166506,-19.23445,-1.8411748,16292.927,204.57703,1.3149223e-10,0.9975281,0.67578125,0.015427218,-18.798943,-18.863678,-2.2911563,28865.266,258.63925,4.4474616e-13,0.014731235837936401,7144.427192211151,330000
27.545918,-1.4324143,-1.5849487,0.9996338,0.98046875,0.0015483691,-19.076359,-19.167944,4.278722,112000.09,1202.9662,8.7436245e-05,4.0456142,-4.7633657,231.87686,0.99964905,0.984375,0.001370591,-19.272339,-19.365398,4.4579363,230602.7,2008.5999,0.0012811844,44.63878,-1.2796686,-1.7268683,0.9977112,0.75,0.01479045,-18.58702,-18.652405,-1.9137121,11772.649,140.2115,2.4618943e-10,0.9975891,0.6953125,0.015381262,-19.057102,-19.123657,-2.0857096,3655.458,98.477264,1.6468231e-11,0.014775947046279908,7218.306939840317,335000
42.791904,-0.94641244,-1.713409,0.99983215,0.984375,0.001052063,-19.29411,-19.389185,4.9505157,3809779.5,11935.031,0.009607138,15.683434,-8.218924,337.4181,0.99961853,0.984375,0.001195662,-19.56511,-19.660278,4.703309,56244.246,1991.5544,0.033600137,49.994118,-0.9904202,-1.6519641,0.9977722,0.7890625,0.013164886,-19.042671,-19.111404,-1.5154966,29756.764,170.79391,1.2784057e-10,0.99749756,0.7265625,0.014229664,-19.339401,-19.406912,-2.124292,149845.53,639.3539,1.636668e-11,0.014751208591461182,7292.062995195389,340000
37.43987,-0.79109365,-1.6371825,0.9996948,0.97265625,0.0018321883,-19.042515,-19.135565,4.685703,443694.9,4304.7646,8.390965e-07,6.900134,-6.00701,266.00034,0.99957275,0.953125,0.0018577526,-19.039972,-19.133326,4.765866,58409.344,2171.046,5.596026e-05,45.030636,-1.4398026,-1.7391694,0.9977875,0.74609375,0.015117987,-18.919182,-18.985552,-1.9948621,253536.27,784.4064,1.6852744e-12,0.9974365,0.671875,0.015272672,-18.697723,-18.762936,-2.068234,135889.48,953.8705,4.4321577e-10,0.014709275484085084,7365.609386205673,345000
26.495758,-1.5041625,-1.6221883,0.9996033,0.9609375,0.0020847023,-19.152355,-19.244427,4.325612,461991.84,2886.919,1.2291302e-05,15.904837,-7.400479,250.66495,0.999527,0.94921875,0.0018134357,-19.048313,-19.14103,4.5947866,238163.47,2752.3328,4.0313236e-05,39.79788,-1.6156743,-1.59724,0.99728394,0.65234375,0.018269502,-18.706585,-18.767635,-3.1390216,184102.02,468.67987,9.362892e-10,0.9970856,0.5859375,0.018414121,-18.529613,-18.589512,-3.25596,5771.4956,106.360756,6.884542e-09,0.014730047798156738,7439.259639501572,350000
30.394447,-1.0793008,-1.6181961,0.99980164,0.98046875,0.0010224163,-18.950766,-19.04471,5.0054855,174671.03,2651.7231,0.0018762297,8.271232,-5.8460226,245.25595,0.99972534,0.98046875,0.0010193838,-19.28389,-19.378428,4.823724,64713.46,1288.4973,0.0013348459,49.373363,-1.1375471,-1.665643,0.99760437,0.69921875,0.015675515,-18.521057,-18.585335,-2.1299314,39606.973,215.48251,1.6652958e-10,0.99757385,0.65234375,0.015565861,-19.021255,-19.086834,-2.2984123,10741.068,182.45573,3.9332101e-10,0.014743501663208008,7512.9771609306335,355000
41.521564,-1.2067041,-1.6071477,0.9996948,0.984375,0.0015008224,-19.39087,-19.485703,4.792061,153631.2,2233.591,0.0008099602,10.897009,-7.8081994,366.17685,0.99954224,0.95703125,0.0018859522,-19.089724,-19.182865,4.661788,187677.25,2577.3213,0.0011223541,39.855164,-1.7131536,-1.6152357,0.9975891,0.71484375,0.015969042,-19.339489,-19.40692,-2.1441221,8058.8174,127.35028,7.2107644e-14,0.9974365,0.68359375,0.015400418,-19.283749,-19.35232,-1.7977085,126935.62,879.494,1.0519916e-09,0.014712669658660889,7586.54052066803,360000
27.972013,-1.4932928,-1.6585429,0.99975586,0.98828125,0.0011085484,-19.192745,-19.28674,4.7761307,108919.55,1685.9846,0.0039906553,6.908627,-9.613541,232.73033,0.99967957,0.9921875,0.0011895874,-19.078075,-19.171938,4.856998,57051.016,1470.4165,0.012588827,39.163197,-1.4859295,-1.6507874,0.9976196,0.765625,0.014389744,-18.756819,-18.823252,-1.8158705,14122.908,157.4603,1.9704125e-09,0.9974365,0.6953125,0.0153381545,-18.892155,-18.957651,-2.1905625,31159.018,208.12482,1.1581612e-11,0.014683052778244018,7659.95579791069,365000
35.960365,-0.81346107,-1.5348426,0.99964905,0.94921875,0.0018618996,-19.348003,-19.44192,4.601057,91549.4,1535.74,0.00011084856,10.711626,-9.192289,384.98038,0.99964905,0.9609375,0.0017050818,-19.288486,-19.382187,4.6052017,95903.43,1366.2579,0.005421153,34.568016,-1.8676375,-1.606324,0.9975586,0.7109375,0.016207196,-19.13197,-19.197609,-2.3925796,270478.78,1118.4756,1.1764574e-12,0.997406,0.6640625,0.016548578,-19.13254,-19.197449,-2.580462,6125.349,118.63049,9.907228e-11,0.014703770923614502,7733.474663257599,370000
29.081604,-1.2731295,-1.5158551,0.9997101,0.98046875,0.0015597818,-19.27043,-19.364323,4.6717954,152457.89,2241.952,3.8112226e-05,2.9247308,-5.7568474,244.21155,0.99949646,0.98828125,0.001439055,-19.49213,-19.587372,4.7951665,97740.97,2006.0659,0.0002526647,46.78136,-1.1066632,-1.6239696,0.99780273,0.7578125,0.015295026,-19.364897,-19.432114,-2.2238786,29628.064,278.96606,1.9918893e-14,0.9974518,0.66015625,0.016569387,-19.311132,-19.376791,-2.567963,16898.717,244.89569,2.2468824e-15,0.014633103275299071,7806.640189886093,375000
34.05129,-0.6621517,-1.506739,0.99967957,0.9765625,0.0014798456,-19.392162,-19.487186,4.8388243,210190.95,3691.8135,0.00076481205,7.158736,-10.775882,336.32516,0.99957275,0.96875,0.0014714008,-19.368969,-19.46254,4.4917054,44642.086,1673.2323,0.025993537,40.446312,-1.2549648,-1.6405988,0.9977722,0.74609375,0.012656031,-18.800283,-18.868404,-1.429092,11600.371,173.87814,2.8796518e-10,0.99754333,0.6875,0.013932258,-18.681107,-18.74708,-1.8571744,6094.444,123.038635,1.2096207e-09,0.014652044343948364,7879.900422096252,380000
39.4234,-1.006233,-1.5929263,0.9998474,0.9921875,0.000981183,-19.45327,-19.550104,5.239401,542138.44,4499.114,0.008822091,8.121756,-11.006147,287.92493,0.99975586,0.9921875,0.00083632837,-19.445866,-19.541945,5.054346,52196.367,1486.6677,0.055066366,52.48536,-0.58208764,-1.6210408,0.9974823,0.6875,0.016081609,-18.624054,-18.687004,-2.571313,85210.87,393.27216,1.3425492e-09,0.9972687,0.62109375,0.01792191,-18.66276,-18.723543,-3.1624122,19616.057,167.2547,1.5859539e-10,0.014658039379119874,7953.190629482269,385000
41.6526,-0.85512936,-1.6519393,0.999527,0.9453125,0.002563031,-19.473274,-19.568205,4.7346807,64018.35,1342.0923,1.0418955e-09,11.202546,-19.282589,326.4934,0.99949646,0.95703125,0.0020413375,-19.559586,-19.654135,4.5510645,92752.75,1738.9674,1.8786986e-07,35.211514,-1.7360337,-1.5817747,0.9977417,0.734375,0.0153447725,-19.147732,-19.214054,-2.2359529,55267.223,413.50058,3.8300252e-10,0.9975586,0.67578125,0.016262505,-18.91498,-18.978441,-2.7324867,23126.947,170.53307,4.465335e-10,0.014633470726013184,8026.357993364334,390000
41.707947,-0.70745754,-1.6312096,0.9997406,0.98046875,0.0013116768,-19.272316,-19.365366,4.455742,93988.95,1318.8663,1.1647829e-07,12.04074,-9.301533,316.48395,0.99961853,0.9765625,0.0014339829,-19.292429,-19.38483,4.2704196,663487.9,4024.9312,2.5141133e-05,42.74387,-1.2136052,-1.6499915,0.997406,0.6953125,0.016934052,-19.221567,-19.28547,-2.9264863,57126.86,198.79051,1.2806007e-12,0.9973297,0.63671875,0.01657623,-19.153694,-19.218706,-2.5746026,4326.614,120.54825,2.4620114e-14,0.014652083349227905,8099.618419647217,395000
31.855915,-1.4832145,-1.6267943,0.9997711,0.984375,0.001202774,-19.368526,-19.46355,4.8625894,419254.25,2478.5225,0.0001720631,12.062298,-16.081106,287.13666,0.99972534,0.99609375,0.0011325917,-19.241947,-19.336979,4.9913235,60417.68,1942.3981,0.0052410066,36.42816,-1.7134348,-1.5320761,0.9974365,0.734375,0.0145179825,-19.055885,-19.122908,-1.9648266,29594.121,211.78879,9.752054e-10,0.9974518,0.65625,0.014867974,-18.91563,-18.98086,-2.2819033,8021.5215,111.59227,3.8242252e-12,0.01467884874343872,8173.012674570084,400000
36.435028,-0.7985935,-1.6569283,0.9997101,0.984375,0.0011885889,-19.19894,-19.292952,4.7743983,271400.94,3195.4253,0.00022772321,9.12892,-9.239164,361.54202,0.9996033,0.97265625,0.0012538425,-19.20855,-19.301645,4.531087,55630.4,1407.1321,0.0062718354,47.58116,-1.3469019,-1.5626798,0.9974518,0.6796875,0.017549105,-19.078236,-19.141607,-2.9180522,35018.83,174.90916,7.407037e-14,0.99749756,0.62890625,0.018218307,-18.893692,-18.955208,-3.2067509,12851.208,110.42259,1.0472567e-13,0.12960231866836547,8821.02427649498,405000
28.722801,-1.2981977,-1.4934998,0.99954224,0.98046875,0.001639937,-19.439344,-19.533184,4.490161,216168.1,2696.255,0.0002811411,9.222279,-9.789454,267.15732,0.999588,0.97265625,0.0014706299,-18.973,-19.065643,4.6509805,125077.71,2409.9062,1.2236857e-05,38.869423,-1.4217899,-1.6350386,0.99742126,0.69921875,0.017420424,-19.147583,-19.212261,-2.6535687,32955.65,271.9381,1.8976425e-10,0.9975128,0.62109375,0.017111218,-18.800167,-18.863506,-2.6484861,17125.379,285.09604,1.7157005e-08,0.014681857633590699,8894.43357372284,410000
41.1141,-0.6757101,-1.6717631,0.9996338,0.953125,0.0019477394,-18.772583,-18.865198,4.8444624,243027.17,2182.981,4.6853856e-05,12.682653,-9.2142935,375.78247,0.9994507,0.94921875,0.002205165,-19.237995,-19.331562,4.621999,44551.07,1825.5558,0.0004161577,53.69355,-0.7404605,-1.7874649,0.9976959,0.71875,0.016070273,-18.534409,-18.59797,-2.3264325,76254.06,384.60297,6.531566e-10,0.9973602,0.671875,0.017400783,-19.114498,-19.177946,-2.9355445,6721.0376,106.14545,9.415398e-10,0.014701332807540893,8967.940249204636,415000
32.683044,-1.0923533,-1.5942185,0.99972534,0.98828125,0.001503914,-19.446072,-19.541216,4.8158283,221793.84,2653.6367,5.7798297e-06,7.4245825,-10.592346,298.15607,0.99954224,0.96875,0.001559581,-19.699823,-19.794771,4.511733,54020.125,1473.3838,1.9648058e-05,47.191925,-1.0439241,-1.5311162,0.99765015,0.73046875,0.01475554,-18.82043,-18.886017,-2.0955157,14937.891,146.73657,1.197227e-11,0.997345,0.68359375,0.016412964,-18.871674,-18.935432,-2.6125276,14661.978,193.97244,5.217554e-12,0.014664928102493285,9041.264898777008,420000
39.15053,-0.9965799,-1.610121,0.99975586,0.984375,0.0014124578,-19.506775,-19.603235,5.0908523,158745.52,2020.1389,0.0005515942,10.94296,-14.581547,320.42346,0.99967957,0.98046875,0.0015375663,-19.424278,-19.519997,4.9843597,365735.16,3779.1558,4.698431e-06,42.905304,-1.4176733,-1.5660441,0.9976349,0.7109375,0.016310453,-19.028557,-19.093801,-2.3912194,39796.703,417.73074,1.6871535e-11,0.99749756,0.65625,0.016815405,-19.118587,-19.182478,-2.8260746,4193.258,59.322666,5.011974e-11,0.014715198469161988,9114.840899705887,425000
33.1103,-0.9359609,-1.6018419,0.9997864,0.98046875,0.0013977295,-18.853537,-18.946253,4.7896748,659760.7,3013.0264,6.699112e-05,8.4417305,-8.885242,333.41394,0.9996643,0.9765625,0.0013163702,-18.839363,-18.933077,5.0579505,401556.25,3173.7676,0.002138512,50.16614,-1.017034,-1.6327946,0.9976654,0.6953125,0.016731242,-18.447872,-18.509804,-2.655203,15453.25,172.1847,5.4162393e-11,0.9974365,0.63671875,0.017432276,-18.473122,-18.533834,-2.9911802,4225.981,81.97539,2.7843054e-11,0.014644732522964478,9188.064573049545,430000
35.195076,-1.2942137,-1.5652688,0.99983215,0.9921875,0.0009981885,-18.962482,-19.05551,4.7598596,126431.94,1572.7158,6.2585255e-05,6.459261,-8.453335,288.9179,0.9997101,0.9765625,0.0010467923,-18.80881,-18.901112,4.7284083,24056.133,1127.2971,0.00018855759,39.160812,-1.3129237,-1.4547994,0.99760437,0.6953125,0.016621014,-18.835482,-18.899218,-2.5822763,52072.32,254.49113,9.561908e-12,0.997345,0.625,0.017722452,-18.781271,-18.844301,-2.7086744,14305.01,212.94777,7.985228e-14,0.014624827766418456,9261.188721179962,435000
33.805004,-1.2576952,-1.646316,0.99980164,0.98828125,0.0012968249,-19.328548,-19.423748,4.947894,83459.6,1811.0116,3.4095958e-06,5.6236196,-8.284708,326.02023,0.9996948,0.98046875,0.0012058178,-19.324646,-19.419987,4.9867907,95719.86,1693.5037,0.0037037423,39.647125,-1.6366692,-1.6981544,0.99768066,0.7109375,0.015494109,-18.909206,-18.974531,-2.2506106,249715.53,725.46674,1.2620143e-09,0.9977417,0.63671875,0.015366807,-18.975384,-19.041769,-2.0463715,93539.8,510.37778,9.202726e-11,0.014642989921569824,9334.403680324554,440000
36.040237,-1.042071,-1.553875,0.99972534,0.9609375,0.0015673819,-19.033922,-19.127216,4.7562485,243154.44,1799.131,0.00013018375,15.560268,-10.526451,327.10144,0.9996643,0.9609375,0.0013856173,-18.540401,-18.631456,4.6778545,46560.797,1407.8341,0.0002508333,45.371994,-1.3713679,-1.5992188,0.9973755,0.671875,0.01591916,-18.66362,-18.727043,-2.490422,14520.584,142.93521,6.2891824e-11,0.9973755,0.609375,0.016962301,-18.330608,-18.390995,-2.9316294,2930.057,34.042843,7.135667e-10,0.014696654129028321,9407.886961460114,445000
32.974464,-1.3456333,-1.6324885,0.99980164,0.9921875,0.00096324563,-19.392942,-19.488556,4.9887238,58231.867,1663.6804,0.0022688203,10.157434,-10.613468,242.04074,0.9998169,0.9921875,0.0009191322,-19.47498,-19.570925,4.9907427,191546.1,2620.7605,2.914454e-05,38.510635,-1.6892505,-1.5730543,0.99728394,0.66796875,0.019372853,-19.091265,-19.152546,-3.4645405,19006.951,117.515915,2.636151e-12,0.99723816,0.6328125,0.01846241,-19.173761,-19.236725,-3.118095,11444.805,174.79085,1.0294742e-09,0.014677372550964355,9481.273833751678,450000
22.668915,-1.3668349,-1.5261972,0.9996948,0.96875,0.0017383224,-18.992725,-19.08607,4.809787,559678.0,2332.957,5.968784e-05,4.367858,-6.6261773,187.66376,0.999527,0.953125,0.0022871713,-18.841333,-18.934095,4.81341,1005810.56,7488.991,1.6473214e-05,43.615013,-1.2038265,-1.5809536,0.99765015,0.703125,0.016682696,-19.076595,-19.142122,-2.3666997,30766.355,253.61761,4.6460215e-14,0.997345,0.64453125,0.016255748,-18.930029,-18.995255,-2.2972198,8426.727,172.0497,1.6069887e-10,0.014622979784011841,9554.388741016388,455000
36.12661,-1.1218895,-1.5873942,0.9996643,0.97265625,0.001378094,-19.490753,-19.585901,4.771667,160565.9,1783.3704,0.00014769896,10.3331175,-11.566152,284.40436,0.9995575,0.97265625,0.0013747027,-19.33524,-19.429502,4.701974,127845.2,2008.0076,0.006628732,50.211746,-1.1038909,-1.5915657,0.997406,0.7421875,0.016606271,-18.977308,-19.040836,-2.7772136,32497.482,232.49951,1.0006851e-11,0.9974823,0.671875,0.016406927,-19.077229,-19.141682,-2.6416185,31720.318,277.5247,2.003408e-10,0.014688650321960449,9627.832001924515,460000
33.27668,-1.4931258,-1.6129613,0.99990845,0.99609375,0.0006961132,-19.245785,-19.34045,4.8939533,1697155.8,5454.3037,0.01154752,8.190513,-17.767857,292.58917,0.9997711,0.99609375,0.0006297978,-19.086748,-19.181694,5.124111,388036.8,4304.791,0.025806153,36.023262,-2.0403185,-1.525251,0.99765015,0.6953125,0.01673786,-19.17916,-19.24449,-2.5198412,8907.479,164.83774,1.8544481e-13,0.9975281,0.61328125,0.017040724,-18.902634,-18.967201,-2.4376261,177870.31,915.57715,1.1366023e-09,0.014633202695846557,9700.998026132584,465000
39.37291,-0.6828481,-1.5201411,0.9997101,0.99609375,0.0012798817,-18.97027,-19.064068,4.9480205,205816.3,2145.2778,0.00034074232,6.827756,-12.499458,357.48065,0.9996338,0.98828125,0.0010371143,-19.003696,-19.097916,5.0227757,396407.03,3013.1553,0.010573402,44.092106,-1.4968569,-1.5858042,0.99754333,0.72265625,0.015034121,-18.96103,-19.027075,-2.1189797,54365.31,337.41962,3.4081777e-14,0.9976349,0.69140625,0.015413403,-18.953712,-19.019304,-2.2276673,123731.15,739.788,1.8475109e-13,0.014708195352554321,9774.539014101028,470000
30.902132,-1.0020092,-1.5255461,0.9998779,0.9921875,0.00077681156,-19.467302,-19.563957,5.180606,213708.55,3427.0144,0.0046621747,5.363957,-5.8982406,261.30408,0.9997406,0.984375,0.0008420162,-19.48998,-19.586039,5.00502,239620.64,2718.3848,0.0035829956,40.02855,-1.6631496,-1.5746748,0.9974518,0.71484375,0.016029367,-18.882206,-18.946875,-2.3913789,20412.164,276.84027,9.578733e-13,0.99742126,0.6640625,0.016444175,-18.584995,-18.648455,-2.4028668,29852.041,383.3614,3.0281784e-12,0.014623790216445923,9847.657975673676,475000
32.16135,-1.3147752,-1.4777576,0.99975586,0.98828125,0.0011679209,-19.986132,-20.082306,4.5385838,421230.47,2418.4485,2.3459583e-05,11.934677,-12.438133,251.53497,0.99980164,0.98828125,0.00091954164,-19.635786,-19.731913,4.8771844,57948.83,1325.6074,0.006763664,43.81894,-1.0584246,-1.6925554,0.99765015,0.7109375,0.016161505,-19.908384,-19.977125,-2.3798714,7482.8364,149.47382,3.0167855e-13,0.99749756,0.66796875,0.0164062,-19.251602,-19.31689,-2.6019616,8272.002,124.70061,2.0543968e-11,0.014603624057769776,9920.676107406616,480000
38.8974,-0.7810385,-1.4835726,0.999588,0.96875,0.0019347895,-18.86993,-18.961657,4.520501,109799.58,1549.3662,0.0009601116,6.850585,-9.848644,296.8344,0.99946594,0.953125,0.0019546738,-18.933767,-19.025751,4.5226383,102302.01,2007.6533,0.004137478,48.569176,-1.4313915,-1.6493139,0.9977112,0.7265625,0.016342243,-19.023277,-19.089165,-2.2218661,360387.2,1004.3555,1.8362768e-12,0.9976196,0.68359375,0.016780378,-18.631166,-18.693277,-2.7921772,2984.269,58.178238,5.1112555e-11,0.014600554704666138,9993.678890228271,485000
39.005737,-0.75006944,-1.5409403,0.9998474,0.99609375,0.0007654084,-19.202923,-19.297712,4.9687786,209252.31,1811.9705,0.0016353565,8.591111,-14.331693,379.37964,0.99972534,0.9921875,0.00078674196,-19.341831,-19.436327,4.754631,52503.406,1233.5573,0.0054063997,46.77216,-1.4419622,-1.5776582,0.9974365,0.69140625,0.017544508,-18.901798,-18.964272,-2.970108,75539.53,426.4223,1.5551742e-11,0.9972229,0.640625,0.01772689,-18.832144,-18.893692,-3.137268,19796.812,132.58673,5.2811287e-13,0.014660956621170044,10066.983682870865,490000
35.433514,-1.1749203,-1.4976245,0.9997711,0.9921875,0.0010468877,-19.516823,-19.612818,4.9622197,2088809.6,6744.855,0.0016832679,9.800882,-6.9257092,248.66522,0.9996338,0.98828125,0.0011811992,-19.57014,-19.666147,4.9114637,766154.44,4869.123,0.0025058037,46.85067,-1.3560059,-1.5671825,0.9975281,0.69921875,0.016188264,-19.02621,-19.091585,-2.3553162,9660.57,141.38042,4.0342306e-11,0.99742126,0.65234375,0.016886374,-18.89439,-18.958914,-2.4405024,16855.564,321.94846,4.9659565e-11,0.01460012640953064,10139.984329462051,495000
25.225159,-1.297647,-1.5061208,0.99983215,0.99609375,0.0007941298,-19.292458,-19.38741,4.9200916,173350.58,2739.8335,8.537145e-05,4.4664297,-13.646055,203.54669,0.9997711,0.98828125,0.00077066064,-19.1167,-19.21241,5.2908454,175875.19,2920.1714,0.00075323484,38.864685,-1.3434182,-1.4685423,0.9977112,0.734375,0.0149516,-18.674778,-18.739922,-2.0627196,19544.502,234.87848,6.3776584e-10,0.9975586,0.69140625,0.015540283,-18.76582,-18.831108,-2.1160364,15309.35,156.9239,1.8708814e-11,0.014591557693481446,10212.942131996155,500000
